employee_id,years_experience,education_level,department,location,performance_rating,certifications,remote_status,annual_salary
EMP0001,7,phd,engineering,pune,3,4,remote,138494
EMP0002,12,master,finance,bengaluru,2,4,hybrid,135450
EMP0003,22,phd,product,mumbai,5,4,onsite,194529
EMP0004,5,phd,sales,bengaluru,5,0,remote,125601
EMP0005,6,phd,operations,bengaluru,4,3,onsite,122766
EMP0006,6,phd,sales,delhi,2,4,hybrid,126808
EMP0007,14,phd,engineering,delhi,5,2,hybrid,167437
EMP0008,2,high_school,finance,hyderabad,4,0,onsite,78092
EMP0009,22,high_school,operations,pune,1,4,onsite,138921
EMP0010,9,phd,product,mumbai,3,0,hybrid,142286
EMP0011,5,high_school,finance,mumbai,1,0,onsite,89747
EMP0012,10,master,engineering,hyderabad,1,3,hybrid,131079
EMP0013,9,master,product,bengaluru,4,4,onsite,135610
EMP0014,20,phd,finance,delhi,1,4,remote,168840
EMP0015,16,bachelor,engineering,bengaluru,4,4,hybrid,151676
EMP0016,9,bachelor,sales,pune,4,1,remote,115163
EMP0017,18,bachelor,engineering,mumbai,4,4,remote,168383
EMP0018,3,bachelor,finance,hyderabad,2,0,onsite,84145
EMP0019,2,phd,sales,delhi,2,2,remote,114760
EMP0020,22,master,sales,pune,1,0,remote,152963
EMP0021,6,high_school,product,mumbai,2,4,remote,114215
EMP0022,19,master,sales,bengaluru,2,3,hybrid,159832
EMP0023,11,high_school,finance,hyderabad,3,3,remote,115234
EMP0024,22,high_school,operations,bengaluru,2,2,remote,143873
EMP0025,22,phd,product,pune,2,3,onsite,179693
EMP0026,4,bachelor,product,pune,5,3,hybrid,106791
EMP0027,24,phd,engineering,pune,1,3,hybrid,190599
EMP0028,1,high_school,product,pune,4,0,remote,84827
EMP0029,8,master,sales,hyderabad,1,1,hybrid,110149
EMP0030,17,phd,product,bengaluru,3,3,onsite,163741
EMP0031,3,phd,,pune,1,3,hybrid,111327
EMP0032,17,phd,finance,hyderabad,5,1,hybrid,158078
EMP0033,13,high_school,engineering,delhi,1,4,onsite,128051
EMP0034,23,bachelor,product,delhi,2,4,remote,167116
EMP0035,8,high_school,engineering,bengaluru,4,4,remote,121246
EMP0036,1,high_school,finance,hyderabad,3,4,hybrid,84436
EMP0037,12,phd,sales,pune,4,2,hybrid,143017
EMP0038,14,master,sales,pune,5,1,onsite,134243
EMP0039,15,master,finance,bengaluru,4,3,remote,145853
EMP0040,15,high_school,sales,mumbai,,2,hybrid,123955
EMP0041,13,phd,,pune,3,0,onsite,143079
EMP0042,12,master,finance,bengaluru,1,1,onsite,123584
EMP0043,21,phd,sales,hyderabad,1,0,onsite,162081
EMP0044,11,,sales,bengaluru,1,1,hybrid,111315
EMP0045,8,bachelor,finance,mumbai,5,3,remote,120061
EMP0046,8,bachelor,finance,hyderabad,4,2,remote,108097
EMP0047,4,phd,operations,delhi,1,1,remote,113700
EMP0048,11,bachelor,finance,bengaluru,2,0,onsite,115094
EMP0049,20,high_school,finance,pune,4,3,hybrid,142384
EMP0050,6,bachelor,operations,hyderabad,2,0,onsite,93406
EMP0051,24,master,product,hyderabad,3,2,remote,174946
EMP0052,16,phd,product,bengaluru,4,0,hybrid,157961
EMP0053,23,high_school,operations,pune,1,0,hybrid,129286
EMP0054,18,master,sales,pune,5,1,onsite,152027
EMP0055,4,bachelor,finance,bengaluru,1,4,hybrid,95175
EMP0056,20,high_school,engineering,mumbai,4,0,remote,156512
EMP0057,3,high_school,operations,bengaluru,1,2,remote,76746
EMP0058,0,master,engineering,delhi,1,1,onsite,95834
EMP0059,5,high_school,operations,mumbai,3,3,onsite,92239
EMP0060,1,phd,operations,delhi,2,1,onsite,98259
EMP0061,8,master,engineering,pune,4,2,remote,133411
EMP0062,24,master,engineering,mumbai,5,1,remote,189830
EMP0063,16,,operations,mumbai,4,0,remote,141661
EMP0064,18,bachelor,operations,hyderabad,4,0,hybrid,136093
EMP0065,16,master,engineering,delhi,2,0,remote,154125
EMP0066,13,phd,sales,pune,3,3,hybrid,147282
EMP0067,20,bachelor,product,hyderabad,3,2,remote,151333
EMP0068,5,phd,product,delhi,3,0,onsite,121845
EMP0069,11,bachelor,finance,delhi,4,4,remote,122538
EMP0070,17,master,product,bengaluru,5,4,hybrid,164710
EMP0071,5,master,finance,hyderabad,1,2,remote,103794
EMP0072,2,phd,operations,pune,3,3,remote,104054
EMP0073,21,master,sales,hyderabad,1,4,hybrid,158805
EMP0074,4,,operations,mumbai,1,3,remote,117171
EMP0075,3,,operations,pune,3,0,hybrid,94419
EMP0076,18,bachelor,product,mumbai,5,4,onsite,163276
EMP0077,15,phd,sales,pune,5,4,hybrid,156456
EMP0078,12,high_school,sales,hyderabad,2,4,remote,112436
EMP0079,20,bachelor,operations,hyderabad,5,2,onsite,140472
EMP0080,0,phd,engineering,delhi,4,3,hybrid,118432
EMP0081,0,bachelor,finance,pune,4,0,hybrid,78246
EMP0082,20,master,product,hyderabad,4,2,hybrid,160702
EMP0083,10,bachelor,sales,hyderabad,5,1,remote,121671
EMP0084,21,bachelor,engineering,delhi,3,0,onsite,157336
EMP0085,13,master,product,delhi,4,1,onsite,136661
EMP0086,15,bachelor,finance,delhi,5,0,hybrid,128529
EMP0087,20,master,sales,pune,4,2,hybrid,154785
EMP0088,21,master,,pune,2,3,onsite,155201
EMP0089,13,master,product,pune,4,3,remote,143083
EMP0090,14,high_school,product,mumbai,5,1,hybrid,132753
EMP0091,9,high_school,engineering,mumbai,3,3,onsite,124343
EMP0092,23,phd,product,bengaluru,1,2,hybrid,185262
EMP0093,6,high_school,finance,bengaluru,5,3,hybrid,106810
EMP0094,19,bachelor,sales,delhi,2,1,onsite,142064
EMP0095,17,phd,finance,bengaluru,2,2,onsite,160567
EMP0096,3,bachelor,sales,pune,1,0,remote,91313
EMP0097,9,,operations,hyderabad,3,0,remote,125524
EMP0098,1,phd,finance,hyderabad,1,1,onsite,97595
EMP0099,2,master,engineering,bengaluru,1,1,remote,106386
EMP0100,24,bachelor,sales,bengaluru,4,4,remote,173497
EMP0101,24,phd,engineering,delhi,2,0,hybrid,185091
EMP0102,21,master,sales,pune,1,4,onsite,158410
EMP0103,9,master,finance,bengaluru,2,2,onsite,122381
EMP0104,6,high_school,engineering,delhi,3,3,hybrid,106658
EMP0105,11,phd,engineering,pune,5,4,onsite,159300
EMP0106,17,high_school,operations,pune,3,1,onsite,117245
EMP0107,16,phd,engineering,mumbai,5,4,hybrid,180289
EMP0108,10,phd,engineering,pune,2,0,onsite,143268
EMP0109,2,master,engineering,hyderabad,1,3,remote,114626
EMP0110,2,master,engineering,delhi,2,1,onsite,109086
EMP0111,3,master,product,bengaluru,4,2,onsite,109522
EMP0112,3,high_school,engineering,mumbai,2,1,hybrid,97161
EMP0113,8,high_school,finance,mumbai,3,0,remote,104116
EMP0114,17,master,finance,pune,4,1,remote,145633
EMP0115,5,,operations,mumbai,2,4,onsite,99247
EMP0116,10,phd,product,delhi,2,1,hybrid,135885
EMP0117,10,phd,product,mumbai,3,0,hybrid,141690
EMP0118,11,master,sales,pune,4,1,onsite,124843
EMP0119,20,bachelor,finance,hyderabad,1,1,hybrid,140849
EMP0120,7,phd,operations,hyderabad,2,0,remote,120690
EMP0121,18,phd,product,bengaluru,1,4,onsite,170244
EMP0122,24,bachelor,product,pune,4,1,onsite,161996
EMP0123,19,phd,sales,hyderabad,5,0,hybrid,161757
EMP0124,8,high_school,engineering,delhi,1,4,hybrid,110973
EMP0125,4,bachelor,operations,mumbai,1,0,remote,91366
EMP0126,14,master,product,pune,5,4,hybrid,152575
EMP0127,1,phd,operations,mumbai,3,0,remote,110738
EMP0128,8,high_school,finance,mumbai,3,0,remote,104399
EMP0129,8,phd,finance,mumbai,3,3,hybrid,132534
EMP0130,22,phd,operations,delhi,2,1,hybrid,161206
EMP0131,9,phd,finance,hyderabad,2,2,remote,129033
EMP0132,10,master,operations,pune,5,0,onsite,119320
EMP0133,8,phd,engineering,hyderabad,5,1,onsite,139016
EMP0134,13,phd,finance,pune,5,2,onsite,146053
EMP0135,14,bachelor,product,delhi,5,3,hybrid,137864
EMP0136,14,master,operations,hyderabad,3,0,hybrid,128395
EMP0137,7,phd,operations,pune,5,4,onsite,126947
EMP0138,13,master,finance,bengaluru,1,4,onsite,136110
EMP0139,24,master,sales,pune,3,4,remote,169052
EMP0140,2,phd,sales,pune,5,3,hybrid,115058
EMP0141,16,bachelor,sales,delhi,2,0,remote,133981
EMP0142,16,master,sales,bengaluru,,1,remote,154881
EMP0143,15,high_school,finance,bengaluru,3,0,remote,124508
EMP0144,2,high_school,sales,pune,4,1,remote,84322
EMP0145,9,master,finance,pune,1,4,hybrid,114020
EMP0146,5,phd,engineering,pune,4,2,hybrid,134902
EMP0147,16,high_school,sales,bengaluru,5,1,onsite,131118
EMP0148,8,master,engineering,pune,3,3,onsite,129963
EMP0149,10,phd,operations,bengaluru,4,3,onsite,132804
EMP0150,18,master,sales,mumbai,2,3,remote,158881
EMP0151,2,high_school,operations,bengaluru,2,4,onsite,81884
EMP0152,5,bachelor,product,mumbai,1,0,onsite,103082
EMP0153,11,high_school,sales,delhi,5,0,onsite,111954
EMP0154,10,phd,operations,hyderabad,4,4,remote,136822
EMP0155,22,bachelor,sales,hyderabad,5,4,remote,164456
EMP0156,9,master,sales,delhi,5,3,remote,127384
EMP0157,7,bachelor,sales,pune,4,3,onsite,105781
EMP0158,13,phd,finance,bengaluru,2,1,remote,141202
EMP0159,9,phd,finance,pune,4,3,onsite,136398
EMP0160,24,high_school,product,bengaluru,2,3,onsite,160271
EMP0161,19,master,product,pune,1,3,onsite,156923
EMP0162,22,master,finance,hyderabad,4,1,remote,160074
EMP0163,17,bachelor,engineering,pune,4,4,hybrid,154934
EMP0164,19,master,finance,hyderabad,5,4,remote,165593
EMP0165,10,phd,operations,pune,1,2,remote,128735
EMP0166,15,bachelor,engineering,delhi,3,1,hybrid,140054
EMP0167,16,phd,sales,mumbai,2,3,remote,159325
EMP0168,2,high_school,sales,bengaluru,1,2,onsite,84746
EMP0169,15,master,product,hyderabad,5,2,remote,154309
EMP0170,4,phd,operations,mumbai,3,2,hybrid,114774
EMP0171,23,master,engineering,pune,1,3,remote,174602
EMP0172,21,bachelor,engineering,hyderabad,1,4,remote,164565
EMP0173,7,phd,sales,mumbai,2,0,onsite,123714
EMP0174,13,master,product,pune,3,1,hybrid,135263
EMP0175,14,high_school,product,delhi,5,0,remote,126819
EMP0176,9,bachelor,engineering,hyderabad,5,3,onsite,133311
EMP0177,16,master,product,pune,3,2,remote,150368
EMP0178,8,master,sales,bengaluru,5,0,remote,123421
EMP0179,21,high_school,product,pune,2,2,remote,144259
EMP0180,10,high_school,product,pune,3,3,onsite,116579
EMP0181,20,phd,finance,bengaluru,5,2,remote,178416
EMP0182,5,high_school,finance,delhi,1,0,onsite,85262
EMP0183,22,high_school,sales,delhi,3,0,hybrid,141537
EMP0184,8,phd,operations,mumbai,3,1,hybrid,132539
EMP0185,21,high_school,finance,hyderabad,3,0,hybrid,139517
EMP0186,5,master,finance,hyderabad,4,4,remote,114791
EMP0187,8,master,operations,delhi,5,4,onsite,117349
EMP0188,13,phd,product,mumbai,4,1,remote,155844
EMP0189,19,bachelor,operations,hyderabad,3,2,hybrid,139738
EMP0190,16,master,sales,hyderabad,2,3,hybrid,141890
EMP0191,5,master,,pune,1,1,remote,101202
EMP0192,21,high_school,product,pune,5,4,onsite,154704
EMP0193,20,bachelor,operations,delhi,5,2,remote,147340
EMP0194,14,bachelor,,bengaluru,4,1,onsite,147562
EMP0195,14,high_school,finance,delhi,1,0,remote,118579
EMP0196,2,phd,engineering,pune,3,3,onsite,118555
EMP0197,14,bachelor,product,delhi,4,3,hybrid,138252
EMP0198,7,bachelor,sales,bengaluru,3,2,onsite,105233
EMP0199,19,master,finance,pune,4,0,onsite,143678
EMP0200,16,master,finance,hyderabad,3,2,onsite,137850
EMP0201,20,high_school,sales,delhi,5,0,remote,144231
EMP0202,6,high_school,sales,hyderabad,4,2,onsite,93254
EMP0203,11,high_school,product,bengaluru,3,0,remote,122760
EMP0204,6,master,product,hyderabad,4,3,onsite,120367
EMP0205,20,high_school,finance,pune,1,3,hybrid,130899
EMP0206,23,bachelor,product,pune,3,3,remote,163381
EMP0207,7,master,finance,delhi,1,3,remote,113976
EMP0208,17,bachelor,operations,hyderabad,3,0,onsite,132182
EMP0209,9,master,finance,pune,3,2,onsite,116151
EMP0210,16,high_school,product,pune,1,1,remote,123908
EMP0211,10,phd,operations,hyderabad,2,3,hybrid,130576
EMP0212,12,master,product,hyderabad,4,0,hybrid,138499
EMP0213,14,phd,engineering,mumbai,1,3,hybrid,159421
EMP0214,24,bachelor,engineering,mumbai,2,2,remote,179609
EMP0215,22,bachelor,engineering,bengaluru,5,4,onsite,178987
EMP0216,1,bachelor,operations,delhi,1,1,onsite,73577
EMP0217,6,phd,sales,delhi,3,0,remote,128418
EMP0218,18,phd,operations,pune,4,4,remote,161074
EMP0219,22,bachelor,engineering,pune,5,1,hybrid,165475
EMP0220,21,bachelor,sales,hyderabad,4,4,hybrid,152559
EMP0221,19,bachelor,product,mumbai,3,1,onsite,151003
EMP0222,22,phd,operations,delhi,3,0,onsite,167288
EMP0223,0,master,finance,delhi,5,0,hybrid,92038
EMP0224,1,high_school,sales,hyderabad,2,2,onsite,79127
EMP0225,8,high_school,sales,bengaluru,4,0,remote,107417
EMP0226,1,phd,sales,pune,1,2,onsite,101340
EMP0227,6,phd,engineering,pune,3,3,hybrid,133391
EMP0228,10,high_school,sales,delhi,3,3,onsite,111801
EMP0229,16,high_school,finance,hyderabad,3,0,hybrid,118951
EMP0230,1,bachelor,finance,mumbai,4,2,hybrid,94419
EMP0231,13,master,product,delhi,,2,onsite,134166
EMP0232,20,bachelor,engineering,bengaluru,1,4,remote,159703
EMP0233,18,master,engineering,delhi,5,4,hybrid,173339
EMP0234,8,phd,finance,pune,4,3,onsite,130571
EMP0235,15,master,sales,mumbai,5,4,hybrid,159083
EMP0236,4,phd,product,pune,3,2,onsite,120298
EMP0237,6,bachelor,sales,pune,3,3,onsite,103691
EMP0238,23,phd,operations,delhi,1,4,onsite,166488
EMP0239,22,phd,engineering,hyderabad,3,1,remote,186632
EMP0240,22,master,engineering,bengaluru,3,3,onsite,181443
EMP0241,12,master,engineering,pune,3,2,remote,143838
EMP0242,6,bachelor,product,pune,2,2,remote,110885
EMP0243,15,bachelor,operations,delhi,4,0,hybrid,130607
EMP0244,9,bachelor,operations,hyderabad,1,1,hybrid,99645
EMP0245,0,high_school,sales,mumbai,3,3,hybrid,85493
EMP0246,11,master,sales,bengaluru,4,4,onsite,132954
EMP0247,2,bachelor,operations,pune,5,4,onsite,93745
EMP0248,12,master,engineering,bengaluru,2,1,remote,142570
EMP0249,7,high_school,sales,bengaluru,1,3,remote,106623
EMP0250,10,bachelor,product,hyderabad,3,1,hybrid,117146
EMP0251,9,bachelor,engineering,mumbai,1,0,onsite,117703
EMP0252,20,high_school,finance,bengaluru,5,2,remote,150890
EMP0253,13,master,operations,hyderabad,2,0,hybrid,122119
EMP0254,21,bachelor,sales,hyderabad,4,0,onsite,146556
EMP0255,2,bachelor,operations,bengaluru,5,4,onsite,92722
EMP0256,20,phd,sales,pune,1,1,hybrid,158829
EMP0257,24,bachelor,engineering,mumbai,2,2,onsite,169666
EMP0258,24,master,product,pune,1,3,hybrid,169986
EMP0259,16,high_school,product,hyderabad,4,1,onsite,127221
EMP0260,19,high_school,product,pune,1,3,hybrid,134081
EMP0261,1,phd,,delhi,5,1,hybrid,114698
EMP0262,17,phd,sales,mumbai,2,4,onsite,160245
EMP0263,0,phd,finance,bengaluru,3,3,onsite,103966
EMP0264,19,master,operations,pune,2,1,onsite,136955
EMP0265,6,phd,engineering,mumbai,3,2,hybrid,144241
EMP0266,6,bachelor,finance,delhi,4,3,remote,109454
EMP0267,16,master,,bengaluru,3,3,onsite,142455
EMP0268,3,bachelor,sales,delhi,5,3,hybrid,103946
EMP0269,12,master,engineering,delhi,5,0,hybrid,147926
EMP0270,7,bachelor,product,delhi,3,3,remote,119744
EMP0271,11,phd,operations,hyderabad,1,3,remote,133570
EMP0272,2,phd,engineering,hyderabad,3,0,remote,125159
EMP0273,21,bachelor,finance,mumbai,1,2,onsite,146384
EMP0274,20,high_school,product,mumbai,4,1,onsite,152483
EMP0275,10,master,finance,hyderabad,1,0,hybrid,111320
EMP0276,18,phd,engineering,mumbai,4,0,onsite,176798
EMP0277,1,phd,operations,pune,3,1,remote,103290
EMP0278,9,master,product,bengaluru,4,0,hybrid,126933
EMP0279,0,phd,sales,mumbai,2,2,remote,112951
EMP0280,12,phd,sales,bengaluru,5,2,onsite,151946
EMP0281,20,phd,sales,delhi,5,3,remote,177781
EMP0282,19,phd,operations,hyderabad,1,3,hybrid,155987
EMP0283,22,bachelor,engineering,bengaluru,2,1,hybrid,167236
EMP0284,6,bachelor,sales,hyderabad,4,1,onsite,102655
EMP0285,5,bachelor,finance,delhi,5,3,onsite,105215
EMP0286,3,phd,product,mumbai,5,2,onsite,131955
EMP0287,18,high_school,finance,hyderabad,3,3,onsite,135105
EMP0288,13,high_school,sales,pune,2,2,hybrid,116553
EMP0289,1,high_school,operations,delhi,3,4,hybrid,80080
EMP0290,13,bachelor,finance,hyderabad,3,2,remote,121883
EMP0291,5,master,engineering,hyderabad,3,0,hybrid,119755
EMP0292,2,bachelor,engineering,pune,4,1,hybrid,105801
EMP0293,17,master,finance,bengaluru,4,1,hybrid,150741
EMP0294,11,high_school,operations,delhi,3,4,hybrid,112351
EMP0295,12,master,sales,hyderabad,2,1,onsite,126084
EMP0296,12,phd,operations,hyderabad,2,3,hybrid,134415
EMP0297,18,phd,finance,mumbai,2,2,onsite,160425
EMP0298,19,bachelor,sales,pune,2,0,hybrid,141638
EMP0299,22,master,sales,mumbai,1,3,remote,165695
EMP0300,23,bachelor,operations,bengaluru,5,4,remote,163359
EMP0301,14,master,sales,bengaluru,2,3,onsite,136322
EMP0302,20,high_school,product,mumbai,5,1,remote,156117
EMP0303,21,high_school,finance,mumbai,3,1,remote,145605
EMP0304,14,bachelor,,hyderabad,2,2,hybrid,127253
EMP0305,21,high_school,product,hyderabad,4,3,remote,151522
EMP0306,15,high_school,operations,bengaluru,5,3,remote,125238
EMP0307,10,master,operations,delhi,3,0,hybrid,117515
EMP0308,7,master,finance,pune,4,4,hybrid,114690
EMP0309,1,bachelor,operations,bengaluru,5,4,onsite,93049
EMP0310,21,master,sales,pune,5,4,onsite,162990
EMP0311,11,phd,product,delhi,3,0,remote,141279
EMP0312,15,bachelor,engineering,mumbai,2,2,onsite,143992
EMP0313,0,master,sales,hyderabad,2,1,onsite,88321
EMP0314,10,phd,product,mumbai,2,1,hybrid,147485
EMP0315,15,master,engineering,mumbai,3,2,onsite,161407
EMP0316,14,master,operations,delhi,1,3,onsite,130328
EMP0317,1,high_school,product,mumbai,4,4,remote,99698
EMP0318,0,bachelor,product,hyderabad,,4,remote,89256
EMP0319,0,high_school,engineering,pune,4,0,remote,86266
EMP0320,23,master,product,mumbai,5,4,hybrid,182999
EMP0321,18,bachelor,operations,mumbai,1,3,remote,142533
EMP0322,15,master,finance,hyderabad,3,4,hybrid,138419
EMP0323,2,high_school,sales,bengaluru,3,4,remote,89107
EMP0324,8,phd,product,delhi,4,2,onsite,134626
EMP0325,0,master,sales,mumbai,4,0,hybrid,94908
EMP0326,19,high_school,engineering,delhi,2,0,remote,149083
EMP0327,20,phd,operations,hyderabad,1,0,hybrid,158359
EMP0328,14,master,product,hyderabad,1,2,remote,137745
EMP0329,16,phd,finance,delhi,4,0,remote,156061
EMP0330,19,high_school,finance,bengaluru,5,2,remote,144563
EMP0331,20,phd,engineering,mumbai,1,4,hybrid,186249
EMP0332,24,bachelor,product,delhi,3,3,hybrid,166637
EMP0333,10,high_school,engineering,hyderabad,5,4,remote,127078
EMP0334,23,phd,sales,mumbai,1,0,onsite,175478
EMP0335,22,phd,,mumbai,4,2,onsite,175283
EMP0336,20,phd,engineering,delhi,2,4,onsite,177302
EMP0337,22,high_school,sales,pune,2,2,remote,142666
EMP0338,13,,engineering,mumbai,1,2,remote,156892
EMP0339,20,bachelor,operations,hyderabad,4,1,hybrid,138025
EMP0340,17,high_school,product,pune,2,0,hybrid,127814
EMP0341,0,phd,sales,mumbai,3,1,hybrid,110589
EMP0342,7,bachelor,finance,delhi,5,1,remote,110673
EMP0343,15,high_school,operations,delhi,4,0,onsite,121231
EMP0344,1,master,product,bengaluru,4,4,onsite,110550
EMP0345,7,bachelor,engineering,delhi,1,1,onsite,116753
EMP0346,1,bachelor,engineering,hyderabad,4,1,remote,105135
EMP0347,21,,engineering,mumbai,2,2,hybrid,167478
EMP0348,13,high_school,product,hyderabad,1,3,remote,122538
EMP0349,8,phd,operations,delhi,3,1,hybrid,126858
EMP0350,17,bachelor,sales,pune,1,2,remote,137635
EMP0351,22,phd,finance,pune,3,1,onsite,171618
EMP0352,19,phd,sales,delhi,3,3,remote,167922
EMP0353,0,phd,finance,pune,5,4,remote,109381
EMP0354,13,high_school,sales,hyderabad,4,1,remote,115391
EMP0355,3,phd,operations,pune,2,3,remote,103826
EMP0356,7,bachelor,engineering,hyderabad,2,0,onsite,111373
EMP0357,22,master,sales,delhi,4,1,hybrid,168809
EMP0358,13,bachelor,operations,bengaluru,5,3,remote,126294
EMP0359,3,phd,operations,mumbai,2,2,onsite,115560
EMP0360,9,master,product,hyderabad,1,1,hybrid,120767
EMP0361,20,high_school,operations,hyderabad,1,1,hybrid,129200
EMP0362,6,phd,operations,mumbai,1,3,hybrid,117775
EMP0363,3,high_school,operations,delhi,5,1,remote,88099
EMP0364,0,phd,product,bengaluru,1,0,onsite,103339
EMP0365,2,phd,finance,pune,3,0,onsite,106373
EMP0366,24,phd,finance,bengaluru,1,4,remote,180107
EMP0367,7,bachelor,sales,bengaluru,5,1,hybrid,111281
EMP0368,14,master,product,pune,2,3,onsite,144440
EMP0369,23,master,product,mumbai,4,4,remote,179615
EMP0370,24,high_school,sales,hyderabad,3,4,onsite,149994
EMP0371,12,master,product,hyderabad,,3,hybrid,143810
EMP0372,11,high_school,,hyderabad,3,1,hybrid,116916
EMP0373,9,master,finance,pune,5,3,hybrid,120611
EMP0374,10,high_school,engineering,delhi,4,3,onsite,120439
EMP0375,3,phd,sales,mumbai,3,4,remote,120844
EMP0376,18,phd,engineering,bengaluru,5,4,hybrid,181118
EMP0377,7,bachelor,finance,bengaluru,2,2,onsite,104170
EMP0378,11,phd,operations,pune,5,2,onsite,139437
EMP0379,1,bachelor,engineering,hyderabad,3,4,remote,100846
EMP0380,11,master,finance,bengaluru,3,0,onsite,129973
EMP0381,7,bachelor,sales,hyderabad,1,4,remote,104666
EMP0382,5,phd,engineering,bengaluru,1,1,onsite,132873
EMP0383,9,,operations,delhi,4,3,onsite,119803
EMP0384,5,master,sales,delhi,3,1,onsite,107935
EMP0385,12,phd,sales,delhi,4,3,hybrid,150462
EMP0386,6,high_school,sales,pune,3,0,onsite,90299
EMP0387,18,high_school,product,delhi,1,1,hybrid,136088
EMP0388,20,bachelor,product,hyderabad,5,2,hybrid,160819
EMP0389,21,high_school,operations,hyderabad,3,4,remote,143335
EMP0390,20,master,engineering,pune,4,2,hybrid,163742
EMP0391,0,high_school,product,hyderabad,2,0,onsite,79988
EMP0392,23,master,sales,pune,2,3,hybrid,161856
EMP0393,8,phd,product,delhi,2,1,onsite,132575
EMP0394,7,bachelor,sales,delhi,1,3,onsite,102729
EMP0395,13,bachelor,finance,delhi,3,4,hybrid,129154
EMP0396,7,high_school,engineering,pune,4,4,onsite,112080
EMP0397,13,high_school,sales,pune,3,1,onsite,111468
EMP0398,4,phd,engineering,delhi,4,1,remote,132989
EMP0399,16,master,finance,delhi,2,1,hybrid,142809
EMP0400,18,master,sales,bengaluru,3,2,hybrid,153858
EMP0401,21,master,product,pune,1,0,hybrid,155645
EMP0402,24,bachelor,sales,delhi,5,4,remote,174898
EMP0403,23,bachelor,operations,bengaluru,4,2,onsite,151164
EMP0404,4,high_school,operations,hyderabad,4,1,hybrid,80601
EMP0405,1,high_school,operations,bengaluru,1,0,hybrid,72496
EMP0406,6,bachelor,product,delhi,5,1,remote,116949
EMP0407,0,bachelor,engineering,pune,3,4,hybrid,96783
EMP0408,9,,engineering,bengaluru,4,1,remote,152949
EMP0409,0,master,product,mumbai,4,2,remote,112344
EMP0410,10,high_school,engineering,delhi,2,2,hybrid,115496
EMP0411,21,phd,product,hyderabad,2,1,hybrid,172437
EMP0412,1,bachelor,product,bengaluru,2,2,onsite,93876
EMP0413,4,master,product,delhi,2,0,remote,113673
EMP0414,9,high_school,product,hyderabad,2,4,remote,115460
EMP0415,4,high_school,product,hyderabad,4,2,hybrid,99795
EMP0416,10,phd,sales,hyderabad,3,1,onsite,134707
EMP0417,16,high_school,product,delhi,2,4,onsite,129393
EMP0418,10,high_school,,delhi,4,2,onsite,111552
EMP0419,23,bachelor,operations,delhi,3,2,remote,152004
EMP0420,16,master,operations,bengaluru,1,3,remote,139696
EMP0421,19,high_school,sales,pune,2,1,onsite,128157
EMP0422,3,high_school,product,bengaluru,1,4,onsite,90993
EMP0423,9,master,sales,mumbai,5,0,remote,127876
EMP0424,0,master,product,delhi,4,3,onsite,100546
EMP0425,11,master,finance,delhi,3,4,hybrid,136699
EMP0426,24,phd,,hyderabad,3,2,hybrid,183285
EMP0427,0,phd,operations,pune,4,1,onsite,102257
EMP0428,12,master,finance,delhi,3,1,onsite,123731
EMP0429,21,bachelor,sales,mumbai,5,2,onsite,158507
EMP0430,12,high_school,engineering,hyderabad,1,2,onsite,117616
EMP0431,12,phd,sales,bengaluru,1,3,remote,143705
EMP0432,9,phd,engineering,delhi,5,0,remote,152903
EMP0433,5,master,product,bengaluru,5,3,hybrid,121215
EMP0434,1,master,operations,mumbai,5,3,onsite,100166
EMP0435,7,high_school,sales,delhi,3,3,hybrid,107714
EMP0436,9,phd,operations,mumbai,1,4,hybrid,129728
EMP0437,13,phd,operations,mumbai,2,2,hybrid,145807
EMP0438,7,high_school,sales,mumbai,5,4,onsite,115071
EMP0439,15,bachelor,sales,pune,3,1,hybrid,131947
EMP0440,7,bachelor,sales,hyderabad,4,3,onsite,109656
EMP0441,15,bachelor,sales,delhi,5,4,remote,141530
EMP0442,22,phd,sales,hyderabad,4,2,onsite,177926
EMP0443,23,bachelor,product,hyderabad,3,0,remote,160508
EMP0444,11,high_school,sales,mumbai,4,0,remote,112744
EMP0445,8,high_school,operations,delhi,1,2,onsite,92212
EMP0446,21,master,operations,hyderabad,1,3,onsite,145889
EMP0447,24,high_school,product,mumbai,1,1,onsite,151001
EMP0448,21,phd,operations,bengaluru,,2,onsite,164863
EMP0449,17,phd,engineering,hyderabad,4,0,remote,169975
EMP0450,1,phd,,delhi,2,1,onsite,112265
EMP0451,12,phd,engineering,mumbai,2,4,remote,163114
EMP0452,13,master,operations,hyderabad,5,2,hybrid,132291
EMP0453,5,bachelor,operations,mumbai,3,0,hybrid,98030
EMP0454,8,high_school,sales,mumbai,2,2,hybrid,101818
EMP0455,14,bachelor,product,pune,1,2,remote,128685
EMP0456,0,high_school,product,hyderabad,3,2,remote,84524
EMP0457,21,high_school,sales,mumbai,3,3,onsite,149167
EMP0458,12,high_school,engineering,delhi,,4,hybrid,138806
EMP0459,14,high_school,operations,delhi,3,3,remote,124782
EMP0460,19,master,sales,delhi,1,2,onsite,152118
EMP0461,1,master,sales,mumbai,2,0,hybrid,94014
EMP0462,19,high_school,sales,mumbai,5,1,remote,149386
EMP0463,2,high_school,engineering,bengaluru,1,4,remote,95041
EMP0464,21,phd,operations,mumbai,2,2,onsite,162577
EMP0465,9,bachelor,operations,pune,4,0,onsite,104866
EMP0466,11,high_school,sales,mumbai,2,3,onsite,113565
EMP0467,7,master,operations,bengaluru,,3,hybrid,111614
EMP0468,10,bachelor,operations,hyderabad,1,4,hybrid,112114
EMP0469,20,high_school,engineering,pune,2,2,onsite,143488
EMP0470,4,bachelor,engineering,bengaluru,1,4,remote,110381
EMP0471,19,bachelor,engineering,hyderabad,2,4,hybrid,152963
EMP0472,12,,product,bengaluru,1,4,hybrid,150505
EMP0473,15,bachelor,engineering,pune,3,2,onsite,141462
EMP0474,21,phd,sales,hyderabad,1,4,hybrid,165145
EMP0475,4,high_school,engineering,delhi,5,3,remote,114749
EMP0476,7,bachelor,sales,delhi,2,4,hybrid,106834
EMP0477,0,master,product,hyderabad,4,3,remote,108499
EMP0478,2,master,operations,mumbai,4,3,hybrid,104862
EMP0479,9,phd,product,mumbai,5,4,hybrid,148255
EMP0480,6,bachelor,finance,bengaluru,2,0,onsite,101782
EMP0481,15,bachelor,product,delhi,4,2,hybrid,136888
EMP0482,22,phd,product,mumbai,1,4,onsite,177856
EMP0483,19,phd,operations,bengaluru,1,1,onsite,150289
EMP0484,3,high_school,product,pune,3,4,remote,96848
EMP0485,3,bachelor,finance,hyderabad,5,0,onsite,91588
EMP0486,11,phd,finance,hyderabad,3,2,onsite,132694
EMP0487,9,bachelor,sales,bengaluru,4,4,remote,124111
EMP0488,3,phd,engineering,hyderabad,2,0,remote,117136
EMP0489,7,high_school,product,pune,4,3,hybrid,108356
EMP0490,5,master,engineering,hyderabad,3,0,remote,122767
EMP0491,11,phd,product,bengaluru,2,1,hybrid,146033
EMP0492,17,high_school,engineering,hyderabad,3,0,onsite,138225
EMP0493,6,high_school,engineering,delhi,1,4,onsite,103692
EMP0494,16,master,finance,pune,3,1,hybrid,136802
EMP0495,20,bachelor,product,mumbai,1,1,remote,150019
EMP0496,16,high_school,product,bengaluru,4,0,remote,140339
EMP0497,10,phd,operations,mumbai,1,2,remote,129319
EMP0498,22,phd,engineering,hyderabad,2,2,remote,181669
EMP0499,11,high_school,product,delhi,2,4,onsite,115952
EMP0500,19,high_school,operations,mumbai,5,3,remote,146531
EMP0501,10,bachelor,,delhi,4,4,hybrid,121964
EMP0502,24,phd,engineering,hyderabad,1,3,onsite,189657
EMP0503,15,phd,engineering,pune,1,2,onsite,154693
EMP0504,19,phd,product,bengaluru,1,1,onsite,161218
EMP0505,19,phd,operations,delhi,5,1,hybrid,159558
EMP0506,10,phd,operations,mumbai,3,2,onsite,137379
EMP0507,16,phd,product,mumbai,1,1,remote,161581
EMP0508,15,,product,hyderabad,4,0,onsite,122056
EMP0509,15,master,product,delhi,,1,remote,146728
EMP0510,12,high_school,finance,pune,3,2,onsite,106186
EMP0511,20,phd,engineering,pune,2,4,hybrid,181027
EMP0512,10,phd,finance,mumbai,5,2,hybrid,145503
EMP0513,4,phd,operations,pune,1,4,hybrid,109493
EMP0514,6,high_school,,mumbai,3,1,hybrid,101854
EMP0515,17,master,engineering,bengaluru,2,3,remote,166633
EMP0516,2,phd,sales,pune,5,0,remote,117169
EMP0517,1,phd,operations,pune,2,4,onsite,105547
EMP0518,0,master,operations,delhi,4,3,remote,91805
EMP0519,20,master,product,hyderabad,1,2,hybrid,161779
EMP0520,5,phd,sales,bengaluru,3,4,hybrid,125284
EMP0521,0,bachelor,operations,delhi,4,0,hybrid,80721
EMP0522,10,master,engineering,pune,4,4,hybrid,144044
EMP0523,24,master,product,hyderabad,2,4,onsite,171645
EMP0524,9,high_school,product,delhi,1,3,remote,113993
EMP0525,11,master,operations,pune,5,4,hybrid,131629
EMP0526,15,bachelor,engineering,delhi,2,0,onsite,135575
EMP0527,18,bachelor,operations,mumbai,1,0,onsite,132772
EMP0528,12,master,operations,delhi,1,2,hybrid,121604
EMP0529,6,bachelor,product,pune,1,1,remote,107776
EMP0530,16,master,finance,bengaluru,2,1,remote,139957
EMP0531,19,bachelor,finance,mumbai,4,4,hybrid,153248
EMP0532,18,phd,engineering,bengaluru,2,2,remote,176308
EMP0533,8,high_school,product,mumbai,4,4,remote,122443
EMP0534,1,bachelor,sales,mumbai,5,0,remote,96788
EMP0535,18,phd,operations,hyderabad,,4,onsite,166127
EMP0536,14,master,product,mumbai,4,1,remote,149776
EMP0537,0,master,,bengaluru,5,4,onsite,99416
EMP0538,16,phd,finance,mumbai,2,4,remote,163659
EMP0539,13,master,sales,pune,1,0,remote,127754
EMP0540,0,master,engineering,pune,5,0,onsite,108280
EMP0541,9,high_school,product,pune,4,3,onsite,114077
EMP0542,3,phd,product,bengaluru,1,1,hybrid,117775
EMP0543,16,bachelor,product,mumbai,4,4,hybrid,154116
EMP0544,11,phd,sales,mumbai,5,4,hybrid,151319
EMP0545,21,master,sales,pune,1,4,remote,154236
EMP0546,23,high_school,sales,bengaluru,5,4,remote,161692
EMP0547,24,phd,engineering,delhi,2,4,remote,199979
EMP0548,23,phd,engineering,hyderabad,3,3,onsite,189110
EMP0549,0,high_school,sales,mumbai,5,4,remote,88005
EMP0550,21,high_school,sales,hyderabad,5,2,remote,151641
EMP0551,12,phd,sales,hyderabad,1,2,remote,143347
EMP0552,20,high_school,operations,delhi,3,0,onsite,129224
EMP0553,8,phd,operations,pune,2,1,remote,119804
EMP0554,14,high_school,operations,mumbai,2,4,hybrid,121823
EMP0555,15,master,engineering,bengaluru,4,3,hybrid,158187
EMP0556,7,master,finance,bengaluru,2,3,remote,121615
EMP0557,20,high_school,engineering,delhi,2,0,onsite,145991
EMP0558,24,phd,sales,bengaluru,1,1,hybrid,174221
EMP0559,23,master,engineering,pune,1,0,onsite,165366
EMP0560,8,master,engineering,delhi,5,4,onsite,138546
EMP0561,12,master,engineering,bengaluru,5,1,remote,154922
EMP0562,16,phd,operations,hyderabad,1,4,remote,145216
EMP0563,24,phd,engineering,bengaluru,5,3,onsite,195550
EMP0564,16,bachelor,operations,mumbai,,3,remote,145629
EMP0565,3,high_school,engineering,pune,3,4,hybrid,98711
EMP0566,3,bachelor,sales,mumbai,4,2,remote,105565
EMP0567,2,bachelor,product,mumbai,2,2,hybrid,103288
EMP0568,1,phd,sales,bengaluru,2,1,hybrid,112915
EMP0569,17,master,finance,bengaluru,4,2,remote,156515
EMP0570,21,bachelor,engineering,bengaluru,1,2,hybrid,163222
EMP0571,1,bachelor,sales,mumbai,5,2,onsite,96551
EMP0572,11,high_school,engineering,bengaluru,4,3,hybrid,130727
EMP0573,18,bachelor,engineering,bengaluru,5,1,onsite,154503
EMP0574,1,high_school,sales,pune,1,3,hybrid,74548
EMP0575,3,master,sales,pune,2,4,remote,109052
EMP0576,15,phd,operations,delhi,5,0,hybrid,150080
EMP0577,23,phd,engineering,pune,2,1,hybrid,182139
EMP0578,10,phd,engineering,bengaluru,3,0,remote,148907
EMP0579,21,high_school,operations,mumbai,1,1,hybrid,140195
EMP0580,6,phd,engineering,mumbai,3,4,hybrid,149484
EMP0581,14,bachelor,product,pune,1,3,hybrid,125539
EMP0582,24,high_school,operations,mumbai,4,3,remote,155398
EMP0583,6,master,engineering,pune,2,2,remote,123203
EMP0584,5,master,finance,bengaluru,2,0,hybrid,102971
EMP0585,22,master,operations,delhi,5,3,hybrid,160922
EMP0586,4,high_school,sales,hyderabad,,1,hybrid,91795
EMP0587,1,bachelor,finance,hyderabad,5,3,hybrid,93255
EMP0588,9,high_school,finance,mumbai,5,0,remote,106846
EMP0589,10,master,operations,bengaluru,1,1,hybrid,113029
EMP0590,22,phd,finance,mumbai,5,2,hybrid,186064
EMP0591,9,high_school,engineering,delhi,4,3,hybrid,122797
EMP0592,5,phd,engineering,hyderabad,1,3,hybrid,124490
EMP0593,14,phd,engineering,delhi,3,1,remote,157121
EMP0594,10,master,engineering,pune,4,0,remote,136337
EMP0595,10,bachelor,operations,hyderabad,2,2,remote,113540
EMP0596,19,phd,product,delhi,1,3,remote,167536
EMP0597,21,master,operations,hyderabad,,3,remote,164139
EMP0598,6,bachelor,,mumbai,4,2,onsite,104290
EMP0599,0,bachelor,finance,bengaluru,4,2,hybrid,88230
EMP0600,2,high_school,operations,delhi,3,1,remote,82825
EMP0601,8,bachelor,engineering,bengaluru,,3,remote,126815
EMP0602,8,bachelor,finance,bengaluru,1,2,hybrid,106713
EMP0603,17,phd,operations,mumbai,5,4,remote,167786
EMP0604,8,master,sales,bengaluru,4,4,remote,129880
EMP0605,0,master,product,pune,2,1,hybrid,97046
EMP0606,24,bachelor,operations,pune,5,4,remote,160330
EMP0607,9,master,operations,hyderabad,5,4,hybrid,127496
EMP0608,9,master,finance,mumbai,4,2,hybrid,132291
EMP0609,11,master,operations,bengaluru,4,1,hybrid,128709
EMP0610,18,master,sales,pune,3,2,remote,154846
EMP0611,6,bachelor,product,pune,2,2,remote,111976
EMP0612,13,phd,finance,delhi,2,2,hybrid,147460
EMP0613,18,master,operations,bengaluru,5,2,remote,150310
EMP0614,23,phd,engineering,hyderabad,3,2,remote,190979
EMP0615,11,phd,sales,mumbai,3,2,hybrid,140765
EMP0616,7,high_school,engineering,hyderabad,5,4,remote,116495
EMP0617,17,high_school,product,hyderabad,2,0,remote,129177
EMP0618,22,master,engineering,bengaluru,3,1,remote,180655
EMP0619,24,master,product,mumbai,1,1,hybrid,177181
EMP0620,1,master,sales,pune,4,4,hybrid,106092
EMP0621,9,phd,finance,pune,2,2,hybrid,125471
EMP0622,7,master,operations,bengaluru,3,1,hybrid,108332
EMP0623,21,phd,sales,bengaluru,4,1,hybrid,179791
EMP0624,13,high_school,operations,pune,3,0,hybrid,104922
EMP0625,17,master,finance,hyderabad,2,4,remote,150521
EMP0626,23,bachelor,operations,delhi,4,3,onsite,157920
EMP0627,1,high_school,engineering,pune,2,2,remote,87631
EMP0628,7,phd,finance,mumbai,4,2,hybrid,128625
EMP0629,1,bachelor,finance,delhi,2,4,remote,92876
EMP0630,18,high_school,sales,hyderabad,3,2,hybrid,131667
EMP0631,5,high_school,finance,hyderabad,4,4,remote,97838
EMP0632,5,master,sales,pune,4,3,remote,114556
EMP0633,17,phd,,pune,3,2,remote,159458
EMP0634,11,phd,product,pune,1,4,hybrid,140181
EMP0635,0,phd,product,bengaluru,3,3,onsite,118005
EMP0636,14,,finance,bengaluru,1,0,remote,129074
EMP0637,15,bachelor,engineering,hyderabad,1,0,hybrid,134027
EMP0638,14,master,engineering,hyderabad,4,1,remote,149255
EMP0639,10,master,product,hyderabad,5,4,onsite,134642
EMP0640,10,bachelor,engineering,pune,4,2,hybrid,131216
EMP0641,6,high_school,sales,delhi,3,2,onsite,92133
EMP0642,10,phd,product,mumbai,3,3,remote,148061
EMP0643,17,high_school,sales,hyderabad,4,1,remote,129250
EMP0644,4,master,sales,bengaluru,2,1,onsite,103565
EMP0645,3,,engineering,mumbai,1,3,remote,104158
EMP0646,11,bachelor,operations,mumbai,3,4,onsite,119093
EMP0647,17,bachelor,product,hyderabad,1,2,onsite,137085
EMP0648,20,master,engineering,mumbai,4,2,onsite,169421
EMP0649,21,master,finance,hyderabad,1,3,hybrid,157252
EMP0650,8,high_school,product,delhi,1,2,onsite,99608
EMP0651,7,high_school,sales,delhi,5,2,hybrid,104025
EMP0652,5,high_school,product,hyderabad,4,0,hybrid,94119
EMP0653,21,master,engineering,mumbai,4,1,remote,178729
EMP0654,24,bachelor,product,pune,5,2,hybrid,173161
EMP0655,1,high_school,finance,mumbai,2,2,onsite,81907
EMP0656,20,master,finance,hyderabad,3,0,onsite,144681
EMP0657,18,master,finance,hyderabad,2,4,onsite,150649
EMP0658,21,bachelor,product,bengaluru,4,1,remote,164769
EMP0659,13,phd,sales,delhi,1,3,onsite,142667
EMP0660,10,high_school,sales,pune,3,3,onsite,108252
EMP0661,20,bachelor,sales,pune,4,0,remote,146453
EMP0662,8,high_school,sales,delhi,4,3,onsite,111808
EMP0663,22,phd,operations,hyderabad,4,4,onsite,171728
EMP0664,18,bachelor,sales,hyderabad,4,4,remote,145912
EMP0665,22,phd,finance,delhi,3,0,onsite,173668
EMP0666,17,bachelor,engineering,bengaluru,3,2,remote,156284
EMP0667,19,master,sales,bengaluru,5,4,onsite,160484
EMP0668,13,bachelor,sales,bengaluru,4,4,hybrid,136201
EMP0669,23,master,product,mumbai,2,0,onsite,171748
EMP0670,8,bachelor,finance,bengaluru,5,1,remote,118460
EMP0671,4,bachelor,sales,hyderabad,4,2,hybrid,102413
EMP0672,15,,sales,delhi,1,1,remote,138572
EMP0673,22,high_school,product,delhi,2,3,remote,149779
EMP0674,16,phd,product,mumbai,3,2,hybrid,163610
EMP0675,10,bachelor,,delhi,1,2,onsite,122478
EMP0676,14,phd,engineering,delhi,3,4,remote,166179
EMP0677,21,bachelor,operations,pune,1,3,hybrid,136306
EMP0678,15,master,engineering,bengaluru,2,1,remote,151253
EMP0679,1,master,finance,bengaluru,5,2,onsite,104546
EMP0680,3,high_school,,pune,4,4,onsite,86834
EMP0681,20,bachelor,operations,bengaluru,4,1,onsite,146010
EMP0682,6,bachelor,engineering,pune,4,3,remote,116464
EMP0683,2,master,operations,delhi,5,0,onsite,94779
EMP0684,4,master,finance,pune,2,0,remote,103847
EMP0685,0,master,finance,delhi,2,3,remote,91696
EMP0686,15,phd,finance,mumbai,4,3,onsite,158391
EMP0687,17,high_school,product,bengaluru,3,2,remote,136935
EMP0688,19,phd,sales,bengaluru,4,3,remote,173365
EMP0689,11,phd,,pune,5,0,onsite,142913
EMP0690,10,phd,finance,delhi,1,1,onsite,131095
EMP0691,3,phd,engineering,delhi,4,4,onsite,136621
EMP0692,5,high_school,engineering,mumbai,5,1,remote,112525
EMP0693,18,master,sales,mumbai,3,4,remote,156585
EMP0694,0,master,sales,mumbai,3,4,onsite,98431
EMP0695,13,master,operations,hyderabad,2,0,onsite,116949
EMP0696,15,master,finance,mumbai,2,1,remote,141153
EMP0697,6,bachelor,operations,delhi,1,2,remote,96448
EMP0698,14,phd,product,delhi,4,2,hybrid,153083
EMP0699,21,phd,finance,pune,5,2,remote,175431
EMP0700,23,phd,finance,delhi,3,2,onsite,178212
EMP0701,10,bachelor,sales,hyderabad,5,3,hybrid,125492
EMP0702,11,master,product,hyderabad,4,2,remote,135591
EMP0703,10,master,sales,mumbai,4,2,remote,138566
EMP0704,2,phd,product,mumbai,1,0,hybrid,110135
EMP0705,18,master,,delhi,3,1,hybrid,159596
EMP0706,5,master,operations,hyderabad,3,1,onsite,97456
EMP0707,6,phd,engineering,pune,3,4,onsite,139049
EMP0708,1,high_school,product,mumbai,4,3,hybrid,99240
EMP0709,11,high_school,sales,bengaluru,1,4,hybrid,116857
EMP0710,23,bachelor,sales,pune,3,2,remote,157083
EMP0711,2,bachelor,engineering,mumbai,2,0,remote,108459
EMP0712,6,bachelor,finance,bengaluru,1,4,hybrid,102870
EMP0713,9,high_school,operations,mumbai,2,2,onsite,99896
EMP0714,13,master,operations,pune,2,4,onsite,129837
EMP0715,14,master,operations,mumbai,2,0,onsite,129766
EMP0716,16,high_school,product,bengaluru,4,1,hybrid,136254
EMP0717,1,master,sales,mumbai,,0,onsite,100545
EMP0718,15,phd,product,bengaluru,1,3,hybrid,153772
EMP0719,4,high_school,sales,mumbai,5,3,onsite,100697
EMP0720,8,phd,engineering,hyderabad,1,2,hybrid,136627
EMP0721,8,phd,product,pune,3,1,hybrid,136504
EMP0722,9,high_school,operations,mumbai,5,4,hybrid,112816
EMP0723,18,high_school,sales,mumbai,2,4,hybrid,140401
EMP0724,19,phd,finance,hyderabad,5,3,remote,169612
EMP0725,24,master,engineering,bengaluru,2,3,hybrid,178764
EMP0726,3,master,product,pune,5,2,remote,113061
EMP0727,1,bachelor,finance,mumbai,5,4,hybrid,99578
EMP0728,12,high_school,engineering,delhi,,2,onsite,126596
EMP0729,10,high_school,product,delhi,2,2,onsite,112984
EMP0730,19,bachelor,finance,mumbai,3,2,hybrid,147248
EMP0731,4,high_school,finance,hyderabad,4,4,hybrid,97885
EMP0732,1,high_school,finance,mumbai,2,0,hybrid,77311
EMP0733,10,master,finance,bengaluru,1,2,remote,123223
EMP0734,4,high_school,finance,bengaluru,5,1,remote,99098
EMP0735,21,bachelor,,bengaluru,4,4,remote,157887
EMP0736,2,high_school,sales,delhi,2,4,hybrid,87535
EMP0737,20,phd,operations,delhi,4,0,remote,165216
EMP0738,11,phd,finance,pune,3,3,remote,139970
EMP0739,17,high_school,engineering,mumbai,3,2,hybrid,147585
EMP0740,24,master,product,hyderabad,3,3,remote,175544
EMP0741,3,bachelor,product,pune,3,1,onsite,93296
EMP0742,1,bachelor,product,hyderabad,4,4,onsite,98309
EMP0743,14,phd,engineering,mumbai,5,3,onsite,174769
EMP0744,0,high_school,sales,mumbai,5,1,onsite,89426
EMP0745,11,bachelor,product,pune,5,4,hybrid,134136
EMP0746,1,phd,sales,pune,4,4,hybrid,117450
EMP0747,0,bachelor,product,hyderabad,5,1,onsite,88742
EMP0748,22,high_school,finance,mumbai,,0,onsite,136873
EMP0749,3,bachelor,sales,hyderabad,2,1,onsite,89031
EMP0750,6,high_school,product,mumbai,3,0,onsite,106157
EMP0751,22,master,finance,delhi,3,0,hybrid,157243
EMP0752,16,high_school,engineering,mumbai,3,2,remote,143674
EMP0753,13,master,product,delhi,5,0,remote,140894
EMP0754,2,master,engineering,pune,2,3,remote,112755
EMP0755,22,,product,hyderabad,4,3,onsite,167744
EMP0756,4,high_school,product,mumbai,4,3,remote,101333
EMP0757,3,phd,operations,mumbai,2,4,hybrid,114367
EMP0758,9,phd,operations,pune,3,3,hybrid,125129
EMP0759,18,phd,engineering,pune,,0,onsite,161827
EMP0760,20,high_school,operations,pune,2,0,remote,126415
EMP0761,4,phd,product,mumbai,2,1,onsite,124943
EMP0762,22,master,,bengaluru,5,0,remote,183954
EMP0763,24,phd,finance,hyderabad,5,1,hybrid,178716
EMP0764,16,bachelor,,hyderabad,4,0,onsite,133060
EMP0765,12,master,,mumbai,2,1,remote,136086
EMP0766,8,master,sales,hyderabad,3,0,onsite,113538
EMP0767,3,high_school,finance,bengaluru,1,4,onsite,91593
EMP0768,3,bachelor,engineering,bengaluru,1,3,onsite,109659
EMP0769,2,master,sales,hyderabad,2,4,onsite,96351
EMP0770,5,phd,engineering,delhi,1,1,hybrid,126629
EMP0771,19,bachelor,finance,mumbai,4,0,onsite,146039
EMP0772,14,phd,finance,mumbai,3,1,hybrid,155740
EMP0773,11,high_school,sales,pune,4,0,onsite,105989
EMP0774,4,high_school,product,bengaluru,1,2,hybrid,91164
EMP0775,19,high_school,engineering,mumbai,1,4,hybrid,154553
EMP0776,22,bachelor,sales,mumbai,2,1,remote,160653
EMP0777,8,high_school,engineering,hyderabad,5,1,hybrid,119938
EMP0778,20,master,sales,delhi,1,0,onsite,145731
EMP0779,21,phd,operations,bengaluru,3,1,remote,169791
EMP0780,15,,finance,pune,1,0,remote,136193
EMP0781,10,master,engineering,pune,2,4,onsite,133491
EMP0782,16,bachelor,sales,mumbai,2,3,onsite,142606
EMP0783,4,phd,operations,hyderabad,3,2,hybrid,110259
EMP0784,2,high_school,finance,delhi,1,1,remote,82374
EMP0785,3,bachelor,operations,delhi,5,0,hybrid,95534
EMP0786,14,master,operations,bengaluru,1,3,remote,131143
EMP0787,19,high_school,operations,bengaluru,4,3,remote,135719
EMP0788,7,master,product,mumbai,1,0,hybrid,118468
EMP0789,9,master,operations,pune,1,0,onsite,109549
EMP0790,18,high_school,product,bengaluru,5,1,onsite,142870
EMP0791,6,bachelor,product,pune,1,3,onsite,106236
EMP0792,14,phd,finance,pune,1,1,remote,145340
EMP0793,17,high_school,operations,bengaluru,,1,remote,126472
EMP0794,19,master,sales,hyderabad,4,3,remote,159282
EMP0795,12,master,engineering,pune,1,0,onsite,134526
EMP0796,20,phd,finance,delhi,1,4,hybrid,163375
EMP0797,0,bachelor,product,delhi,5,2,remote,102610
EMP0798,18,bachelor,sales,hyderabad,4,2,remote,149275
EMP0799,15,master,engineering,mumbai,2,4,hybrid,162935
EMP0800,21,master,operations,bengaluru,1,0,onsite,146852
EMP0801,3,phd,product,hyderabad,5,2,hybrid,128594
EMP0802,1,master,product,bengaluru,3,0,onsite,97716
EMP0803,9,high_school,finance,mumbai,3,1,hybrid,104896
EMP0804,0,high_school,sales,delhi,2,4,hybrid,76036
EMP0805,15,phd,finance,bengaluru,3,3,onsite,155283
EMP0806,16,high_school,engineering,delhi,5,2,remote,145190
EMP0807,7,phd,product,mumbai,3,1,hybrid,140818
EMP0808,1,bachelor,operations,hyderabad,1,3,remote,82759
EMP0809,12,master,product,mumbai,4,3,onsite,144990
EMP0810,21,master,finance,pune,5,1,remote,161115
EMP0811,19,high_school,product,hyderabad,5,3,hybrid,152332
EMP0812,22,bachelor,sales,delhi,4,1,hybrid,159661
EMP0813,5,bachelor,sales,pune,5,2,remote,106742
EMP0814,19,phd,engineering,delhi,3,0,hybrid,171386
EMP0815,4,bachelor,product,delhi,1,3,hybrid,99159
EMP0816,4,master,operations,bengaluru,4,1,remote,105647
EMP0817,22,phd,product,delhi,2,2,hybrid,176860
EMP0818,6,master,product,bengaluru,4,0,hybrid,119514
EMP0819,7,bachelor,operations,hyderabad,1,2,onsite,97825
EMP0820,3,phd,product,hyderabad,1,0,remote,112253
EMP0821,7,master,operations,hyderabad,5,3,onsite,116049
EMP0822,13,master,,pune,1,4,remote,131529
EMP0823,18,master,finance,hyderabad,2,4,hybrid,147577
EMP0824,15,bachelor,finance,hyderabad,4,0,remote,129655
EMP0825,9,phd,operations,bengaluru,4,0,hybrid,128802
EMP0826,7,bachelor,finance,mumbai,3,0,onsite,103119
EMP0827,3,high_school,finance,pune,1,4,remote,79747
EMP0828,3,high_school,operations,pune,5,1,remote,84133
EMP0829,12,bachelor,finance,bengaluru,2,3,hybrid,121701
EMP0830,0,high_school,product,mumbai,4,3,onsite,96079
EMP0831,19,high_school,product,bengaluru,5,1,remote,145391
EMP0832,5,phd,finance,bengaluru,3,0,onsite,121512
EMP0833,9,phd,sales,mumbai,5,0,remote,142819
EMP0834,23,phd,product,delhi,4,3,onsite,185820
EMP0835,20,phd,finance,mumbai,3,3,onsite,175871
EMP0836,12,,finance,delhi,1,1,onsite,111194
EMP0837,7,phd,operations,pune,2,4,remote,126406
EMP0838,5,phd,operations,mumbai,3,0,onsite,115631
EMP0839,5,bachelor,operations,hyderabad,3,3,hybrid,98500
EMP0840,10,master,product,pune,4,4,hybrid,139906
EMP0841,19,bachelor,product,hyderabad,5,0,remote,155762
EMP0842,8,bachelor,product,pune,5,4,hybrid,119442
EMP0843,12,high_school,finance,hyderabad,2,0,hybrid,106212
EMP0844,8,bachelor,engineering,pune,2,3,remote,119478
EMP0845,17,bachelor,product,mumbai,3,2,onsite,147183
EMP0846,8,bachelor,product,mumbai,2,0,hybrid,113670
EMP0847,23,high_school,engineering,bengaluru,3,4,hybrid,166988
EMP0848,16,phd,engineering,hyderabad,1,4,onsite,167371
EMP0849,8,master,product,bengaluru,4,2,hybrid,127586
EMP0850,8,phd,finance,hyderabad,1,1,remote,118512
EMP0851,20,bachelor,sales,pune,2,3,remote,146493
EMP0852,13,phd,engineering,hyderabad,5,3,remote,168777
EMP0853,4,high_school,product,mumbai,5,4,onsite,109186
EMP0854,10,master,finance,delhi,2,1,remote,124254
EMP0855,15,bachelor,sales,bengaluru,2,2,onsite,128156
EMP0856,10,phd,sales,delhi,5,2,hybrid,141802
EMP0857,22,master,operations,bengaluru,2,2,remote,161542
EMP0858,8,master,operations,delhi,3,1,hybrid,113561
EMP0859,13,phd,product,hyderabad,3,0,remote,148843
EMP0860,18,phd,engineering,bengaluru,3,4,hybrid,180962
EMP0861,11,master,finance,hyderabad,3,2,remote,130349
EMP0862,13,bachelor,product,delhi,5,3,hybrid,140525
EMP0863,20,bachelor,finance,bengaluru,3,0,onsite,140375
EMP0864,8,phd,operations,mumbai,5,0,remote,134296
EMP0865,24,phd,engineering,bengaluru,2,1,onsite,191882
EMP0866,15,phd,product,pune,1,1,hybrid,150137
EMP0867,3,high_school,finance,pune,5,4,hybrid,90712
EMP0868,2,master,operations,hyderabad,1,4,onsite,88134
EMP0869,16,high_school,operations,hyderabad,2,3,onsite,114669
EMP0870,24,high_school,engineering,hyderabad,3,2,onsite,161042
EMP0871,23,high_school,product,delhi,3,1,hybrid,152771
EMP0872,12,bachelor,sales,mumbai,2,4,remote,131316
EMP0873,4,master,operations,hyderabad,3,0,hybrid,99305
EMP0874,11,phd,product,hyderabad,5,1,hybrid,142660
EMP0875,22,high_school,engineering,hyderabad,2,4,hybrid,158911
EMP0876,0,master,engineering,bengaluru,4,1,hybrid,112503
EMP0877,3,bachelor,operations,pune,5,2,onsite,88995
EMP0878,23,high_school,finance,delhi,,3,onsite,151536
EMP0879,10,master,sales,hyderabad,4,3,onsite,130325
EMP0880,11,phd,product,hyderabad,2,1,hybrid,140581
EMP0881,18,high_school,finance,bengaluru,3,1,remote,135009
EMP0882,10,master,operations,bengaluru,1,4,onsite,117985
EMP0883,13,phd,engineering,delhi,4,1,hybrid,156087
EMP0884,9,bachelor,finance,bengaluru,4,1,onsite,112188
EMP0885,15,high_school,sales,bengaluru,3,3,onsite,125460
EMP0886,10,phd,finance,bengaluru,,1,hybrid,133901
EMP0887,19,master,sales,bengaluru,1,1,onsite,149706
EMP0888,4,high_school,finance,hyderabad,2,3,remote,84981
EMP0889,3,master,engineering,hyderabad,5,3,remote,117384
EMP0890,23,bachelor,sales,pune,1,4,remote,153306
EMP0891,8,high_school,product,hyderabad,1,1,remote,103011
EMP0892,2,high_school,engineering,hyderabad,3,3,onsite,98749
EMP0893,9,bachelor,finance,delhi,3,1,remote,108626
EMP0894,15,high_school,operations,hyderabad,3,3,hybrid,122496
EMP0895,22,bachelor,product,pune,1,2,onsite,147129
EMP0896,11,phd,finance,bengaluru,3,3,onsite,145216
EMP0897,22,master,finance,delhi,1,2,hybrid,154521
EMP0898,5,high_school,product,bengaluru,3,4,onsite,109168
EMP0899,1,master,operations,mumbai,4,0,hybrid,95195
EMP0900,22,,operations,bengaluru,2,4,remote,169331
EMP0901,10,bachelor,finance,pune,5,1,hybrid,111262
EMP0902,8,master,product,hyderabad,3,4,onsite,129779
EMP0903,7,master,sales,mumbai,5,4,remote,126630
EMP0904,16,high_school,engineering,pune,2,4,hybrid,142864
EMP0905,0,phd,,pune,2,0,remote,115652
EMP0906,14,master,engineering,mumbai,2,0,remote,154321
EMP0907,24,phd,operations,hyderabad,2,1,remote,167840
EMP0908,8,master,engineering,pune,5,2,onsite,130250
EMP0909,19,master,sales,hyderabad,1,4,hybrid,151637
EMP0910,0,master,product,mumbai,3,2,remote,109971
EMP0911,12,master,sales,hyderabad,4,1,hybrid,131277
EMP0912,19,master,sales,mumbai,1,4,hybrid,156666
EMP0913,5,phd,sales,delhi,4,3,onsite,126906
EMP0914,19,master,sales,hyderabad,1,4,hybrid,150488
EMP0915,3,master,product,delhi,4,0,onsite,111100
EMP0916,10,master,sales,delhi,2,2,hybrid,128791
EMP0917,22,phd,product,hyderabad,3,4,remote,182952
EMP0918,21,high_school,sales,hyderabad,5,2,remote,145133
EMP0919,11,master,product,mumbai,1,3,onsite,135395
EMP0920,19,high_school,engineering,mumbai,3,4,hybrid,153144
EMP0921,9,bachelor,product,mumbai,3,2,hybrid,126801
EMP0922,4,phd,product,hyderabad,1,4,remote,126261
EMP0923,10,master,engineering,bengaluru,5,2,remote,148375
EMP0924,5,phd,finance,delhi,4,3,onsite,123936
EMP0925,19,,sales,mumbai,5,2,hybrid,173982
EMP0926,7,bachelor,engineering,bengaluru,1,1,onsite,117479
EMP0927,0,master,,bengaluru,3,0,onsite,90127
EMP0928,2,master,engineering,delhi,3,4,hybrid,117941
EMP0929,19,bachelor,product,delhi,3,3,hybrid,149153
EMP0930,14,phd,sales,bengaluru,4,2,remote,158321
EMP0931,21,phd,sales,hyderabad,1,4,remote,168431
EMP0932,22,phd,engineering,hyderabad,3,1,remote,182417
EMP0933,19,master,engineering,hyderabad,2,3,hybrid,167757
EMP0934,0,high_school,product,mumbai,1,3,remote,83209
EMP0935,10,master,sales,hyderabad,1,4,onsite,128310
EMP0936,21,,engineering,bengaluru,1,1,remote,147784
EMP0937,22,master,engineering,delhi,5,0,hybrid,178915
EMP0938,0,bachelor,sales,pune,1,1,hybrid,78086
EMP0939,24,bachelor,sales,mumbai,2,4,remote,164842
EMP0940,7,,finance,hyderabad,4,1,onsite,126990
EMP0941,24,bachelor,sales,bengaluru,2,4,hybrid,164953
EMP0942,20,phd,product,delhi,2,1,hybrid,171865
EMP0943,21,,finance,bengaluru,5,2,onsite,160384
EMP0944,24,high_school,product,hyderabad,1,3,hybrid,155874
EMP0945,14,high_school,engineering,mumbai,1,4,remote,134836
EMP0946,6,high_school,product,delhi,1,3,onsite,97482
EMP0947,1,phd,engineering,hyderabad,5,0,remote,123157
EMP0948,10,high_school,sales,pune,2,4,onsite,107545
EMP0949,17,high_school,operations,bengaluru,5,0,remote,132426
EMP0950,7,master,engineering,mumbai,5,2,hybrid,133317
EMP0951,8,phd,engineering,hyderabad,4,1,remote,142019
EMP0952,19,phd,engineering,bengaluru,5,4,remote,192204
EMP0953,0,phd,finance,bengaluru,3,2,remote,104347
EMP0954,5,phd,operations,hyderabad,4,0,remote,116739
EMP0955,19,master,operations,bengaluru,3,1,onsite,151394
EMP0956,10,phd,sales,bengaluru,2,1,hybrid,137824
EMP0957,4,high_school,operations,bengaluru,1,1,hybrid,82252
EMP0958,12,phd,product,delhi,1,1,onsite,144571
EMP0959,4,high_school,sales,mumbai,1,4,remote,98074
EMP0960,24,phd,product,bengaluru,1,3,hybrid,190195
EMP0961,3,,engineering,delhi,3,3,remote,100079
EMP0962,2,phd,finance,bengaluru,2,3,hybrid,108410
EMP0963,13,bachelor,product,pune,5,3,hybrid,140260
EMP0964,2,high_school,sales,hyderabad,5,0,hybrid,86280
EMP0965,12,master,product,pune,3,2,remote,139008
EMP0966,0,master,finance,mumbai,4,0,remote,93303
EMP0967,23,master,sales,hyderabad,3,4,onsite,164574
EMP0968,20,master,operations,pune,1,2,hybrid,144463
EMP0969,15,high_school,sales,hyderabad,2,4,remote,130491
EMP0970,6,phd,product,bengaluru,5,0,onsite,131920
EMP0971,3,phd,finance,pune,4,1,onsite,112089
EMP0972,7,high_school,finance,bengaluru,2,2,hybrid,102651
EMP0973,23,phd,operations,pune,1,0,remote,166067
EMP0974,9,master,engineering,hyderabad,2,4,hybrid,138016
EMP0975,4,high_school,finance,pune,4,0,onsite,79618
EMP0976,14,phd,finance,mumbai,5,2,remote,158307
EMP0977,9,high_school,product,delhi,4,1,remote,110239
EMP0978,7,bachelor,product,mumbai,5,3,onsite,123335
EMP0979,8,high_school,product,pune,5,0,hybrid,111013
EMP0980,1,bachelor,finance,bengaluru,4,4,hybrid,93366
EMP0981,6,phd,engineering,hyderabad,5,4,hybrid,142225
EMP0982,19,phd,finance,pune,2,2,remote,158727
EMP0983,10,phd,operations,delhi,5,0,remote,130909
EMP0984,13,phd,finance,pune,1,3,hybrid,143327
EMP0985,19,master,product,pune,5,1,hybrid,164659
EMP0986,8,bachelor,product,bengaluru,2,2,remote,115459
EMP0987,13,high_school,operations,hyderabad,1,2,hybrid,110457
EMP0988,17,master,sales,mumbai,1,2,onsite,152466
EMP0989,5,master,sales,delhi,1,0,remote,108649
EMP0990,24,phd,engineering,bengaluru,1,4,hybrid,192771
EMP0991,4,master,product,pune,4,4,onsite,117608
EMP0992,0,phd,finance,bengaluru,4,1,remote,106260
EMP0993,4,high_school,product,hyderabad,1,4,remote,94379
EMP0994,16,high_school,finance,hyderabad,1,4,onsite,124656
EMP0995,17,high_school,operations,delhi,1,4,remote,123854
EMP0996,9,bachelor,product,hyderabad,5,4,remote,132464
EMP0997,19,master,product,mumbai,1,3,hybrid,163550
EMP0998,20,master,sales,pune,4,1,hybrid,153837
EMP0999,20,master,sales,delhi,1,3,remote,160116
EMP1000,22,bachelor,finance,delhi,1,3,onsite,154548
EMP1001,8,bachelor,finance,delhi,5,4,remote,115155
EMP1002,21,high_school,sales,pune,3,1,onsite,135895
EMP1003,24,bachelor,sales,pune,1,4,remote,164086
EMP1004,4,bachelor,finance,pune,5,3,onsite,95016
EMP1005,1,phd,engineering,pune,2,2,remote,115583
EMP1006,16,bachelor,sales,hyderabad,5,1,hybrid,139329
EMP1007,22,phd,engineering,bengaluru,5,4,hybrid,198681
EMP1008,8,master,operations,delhi,2,2,remote,111225
EMP1009,1,bachelor,sales,bengaluru,5,1,hybrid,98638
EMP1010,21,high_school,sales,hyderabad,5,2,remote,148719
EMP1011,14,phd,operations,pune,5,3,onsite,145557
EMP1012,0,phd,product,bengaluru,4,3,hybrid,116326
EMP1013,9,bachelor,finance,pune,3,4,remote,110376
EMP1014,14,bachelor,operations,mumbai,2,4,onsite,124845
EMP1015,3,bachelor,,bengaluru,1,1,hybrid,96923
EMP1016,0,bachelor,operations,bengaluru,2,0,hybrid,77736
EMP1017,17,phd,engineering,pune,3,4,onsite,168752
EMP1018,20,master,,mumbai,4,2,remote,177546
EMP1019,24,high_school,sales,bengaluru,4,4,remote,167385
EMP1020,7,phd,operations,bengaluru,1,0,onsite,112275
EMP1021,9,bachelor,engineering,hyderabad,1,0,remote,114569
EMP1022,7,phd,engineering,mumbai,4,4,onsite,144287
EMP1023,16,master,sales,pune,2,4,onsite,141895
EMP1024,8,high_school,finance,mumbai,5,3,remote,113372
EMP1025,23,high_school,,hyderabad,4,3,hybrid,156514
EMP1026,21,bachelor,sales,delhi,5,0,onsite,154586
EMP1027,14,high_school,operations,hyderabad,2,1,onsite,110115
EMP1028,16,phd,sales,mumbai,5,3,remote,167570
EMP1029,11,bachelor,finance,mumbai,3,1,remote,118698
EMP1030,1,master,engineering,pune,,2,hybrid,114497
EMP1031,11,bachelor,finance,delhi,4,2,hybrid,123862
EMP1032,6,phd,product,mumbai,4,1,remote,135338
EMP1033,10,phd,product,hyderabad,1,2,onsite,138665
EMP1034,9,master,product,pune,,1,hybrid,120389
EMP1035,0,bachelor,finance,hyderabad,4,4,onsite,90669
EMP1036,5,high_school,engineering,pune,2,4,onsite,102023
EMP1037,15,bachelor,finance,mumbai,5,2,remote,140789
EMP1038,9,master,product,delhi,4,1,onsite,124514
EMP1039,12,high_school,sales,hyderabad,5,1,hybrid,116006
EMP1040,7,master,engineering,mumbai,4,0,onsite,133043
EMP1041,18,high_school,finance,delhi,2,4,hybrid,139534
EMP1042,12,phd,product,pune,5,1,hybrid,148915
EMP1043,4,bachelor,sales,bengaluru,1,2,onsite,97408
EMP1044,21,high_school,operations,bengaluru,5,1,hybrid,141255
EMP1045,7,master,operations,bengaluru,5,2,hybrid,114084
EMP1046,8,bachelor,product,bengaluru,3,3,hybrid,122156
EMP1047,7,phd,finance,mumbai,3,3,onsite,132253
EMP1048,24,master,product,delhi,2,2,onsite,171911
EMP1049,24,phd,product,pune,2,4,remote,189325
EMP1050,2,bachelor,engineering,mumbai,5,0,remote,114031
EMP1051,12,bachelor,product,pune,2,4,onsite,127928
EMP1052,0,phd,finance,delhi,2,2,onsite,100818
EMP1053,7,master,operations,hyderabad,4,3,hybrid,110389
EMP1054,20,bachelor,operations,pune,5,4,onsite,150032
EMP1055,8,master,product,mumbai,5,3,onsite,136836
EMP1056,5,high_school,finance,bengaluru,2,0,remote,86526
EMP1057,3,master,finance,bengaluru,3,3,remote,105929
EMP1058,19,high_school,finance,delhi,2,2,onsite,135632
EMP1059,0,high_school,,hyderabad,1,4,remote,84479
EMP1060,19,high_school,sales,bengaluru,3,3,onsite,139855
EMP1061,18,high_school,engineering,mumbai,5,4,onsite,154050
EMP1062,20,high_school,product,hyderabad,3,0,onsite,135871
EMP1063,14,high_school,engineering,pune,2,3,remote,127770
EMP1064,16,master,operations,pune,4,0,hybrid,134493
EMP1065,12,bachelor,sales,delhi,3,0,hybrid,119859
EMP1066,13,bachelor,sales,delhi,2,1,hybrid,127987
EMP1067,0,phd,product,hyderabad,1,3,onsite,109005
EMP1068,5,high_school,finance,bengaluru,3,3,onsite,99870
EMP1069,24,bachelor,sales,hyderabad,3,1,onsite,153950
EMP1070,2,bachelor,sales,pune,5,3,hybrid,98687
EMP1071,5,master,engineering,bengaluru,4,3,remote,128458
EMP1072,14,phd,engineering,bengaluru,1,0,remote,158432
EMP1073,6,bachelor,sales,pune,2,3,hybrid,102812
EMP1074,9,phd,operations,delhi,5,2,remote,137309
EMP1075,1,bachelor,engineering,delhi,5,1,hybrid,107914
EMP1076,4,master,engineering,hyderabad,2,4,hybrid,115236
EMP1077,19,bachelor,engineering,mumbai,4,3,hybrid,162037
EMP1078,24,phd,product,bengaluru,3,2,onsite,186055
EMP1079,2,high_school,sales,pune,2,1,remote,76622
EMP1080,18,bachelor,sales,hyderabad,2,4,hybrid,139286
EMP1081,5,bachelor,engineering,mumbai,1,4,remote,121857
EMP1082,15,phd,operations,bengaluru,3,2,remote,146252
EMP1083,15,high_school,operations,mumbai,1,2,hybrid,118670
EMP1084,2,high_school,product,bengaluru,5,3,hybrid,101919
EMP1085,14,master,operations,delhi,2,4,hybrid,137467
EMP1086,20,bachelor,finance,delhi,2,2,remote,143426
EMP1087,14,master,sales,bengaluru,3,2,onsite,141561
EMP1088,6,high_school,finance,hyderabad,4,4,onsite,94870
EMP1089,7,phd,engineering,bengaluru,3,3,onsite,140648
EMP1090,2,phd,finance,bengaluru,5,2,remote,120634
EMP1091,15,phd,engineering,bengaluru,1,4,remote,168311
EMP1092,10,bachelor,engineering,hyderabad,5,4,onsite,135831
EMP1093,10,master,sales,hyderabad,3,0,hybrid,121884
EMP1094,11,master,product,bengaluru,2,2,hybrid,140157
EMP1095,9,bachelor,engineering,hyderabad,5,2,hybrid,130127
EMP1096,15,high_school,product,pune,2,3,remote,132226
EMP1097,11,bachelor,product,delhi,,4,remote,131056
EMP1098,3,high_school,product,hyderabad,1,3,hybrid,86880
EMP1099,21,master,finance,pune,1,2,onsite,154494
EMP1100,8,phd,finance,hyderabad,3,1,remote,126408
EMP1101,12,phd,product,mumbai,2,4,onsite,151917
EMP1102,4,bachelor,operations,bengaluru,3,1,onsite,94271
EMP1103,7,high_school,finance,pune,2,0,remote,94233
EMP1104,13,bachelor,engineering,pune,3,4,remote,143720
EMP1105,7,bachelor,sales,mumbai,1,1,hybrid,109336
EMP1106,6,master,finance,delhi,2,1,remote,106993
EMP1107,19,master,product,mumbai,2,4,onsite,160558
EMP1108,10,high_school,sales,mumbai,3,2,onsite,115712
EMP1109,4,bachelor,engineering,bengaluru,5,0,remote,110605
EMP1110,19,high_school,,bengaluru,3,1,hybrid,135840
EMP1111,4,high_school,operations,delhi,3,4,remote,90084
EMP1112,12,bachelor,finance,delhi,3,0,onsite,114956
EMP1113,3,phd,finance,pune,3,0,hybrid,111509
EMP1114,24,high_school,,hyderabad,1,3,remote,155053
EMP1115,2,bachelor,finance,delhi,1,3,onsite,84524
EMP1116,4,master,operations,bengaluru,4,1,remote,104259
EMP1117,21,bachelor,operations,hyderabad,2,4,remote,148743
EMP1118,8,bachelor,finance,mumbai,5,1,remote,118794
EMP1119,21,high_school,product,delhi,4,3,hybrid,149631
EMP1120,2,high_school,engineering,delhi,,1,onsite,93011
EMP1121,18,high_school,operations,delhi,5,3,onsite,132677
EMP1122,3,phd,engineering,pune,4,2,remote,129338
EMP1123,12,,sales,hyderabad,3,3,remote,136708
EMP1124,11,master,product,mumbai,1,4,hybrid,135569
EMP1125,21,bachelor,operations,bengaluru,4,2,remote,151760
EMP1126,16,bachelor,engineering,pune,2,4,onsite,149556
EMP1127,9,phd,product,pune,2,3,onsite,135152
EMP1128,9,bachelor,sales,pune,4,0,onsite,110006
EMP1129,12,master,sales,delhi,1,1,hybrid,129359
EMP1130,23,bachelor,finance,mumbai,1,4,hybrid,159164
EMP1131,14,bachelor,product,bengaluru,1,4,onsite,133663
EMP1132,6,phd,sales,hyderabad,2,0,remote,116246
EMP1133,13,master,engineering,pune,3,2,hybrid,148819
EMP1134,21,master,finance,hyderabad,5,0,onsite,160395
EMP1135,19,master,operations,pune,5,2,onsite,153158
EMP1136,19,high_school,finance,mumbai,3,4,hybrid,146792
EMP1137,7,high_school,sales,pune,3,4,remote,100953
EMP1138,10,high_school,engineering,pune,4,4,remote,120666
EMP1139,16,phd,operations,pune,4,0,onsite,149852
EMP1140,3,phd,product,delhi,4,4,onsite,127480
EMP1141,7,master,operations,hyderabad,2,4,onsite,110637
EMP1142,10,master,finance,bengaluru,3,4,onsite,132617
EMP1143,11,bachelor,product,delhi,3,3,hybrid,127823
EMP1144,0,phd,engineering,hyderabad,1,0,onsite,103766
EMP1145,20,high_school,engineering,delhi,4,0,onsite,154021
EMP1146,20,high_school,finance,bengaluru,5,3,onsite,145884
EMP1147,17,phd,engineering,hyderabad,4,3,remote,178336
EMP1148,12,master,sales,mumbai,2,3,onsite,134873
EMP1149,17,bachelor,operations,delhi,3,3,hybrid,132436
EMP1150,5,master,product,bengaluru,4,0,onsite,119670
EMP1151,11,high_school,product,delhi,5,2,remote,120339
EMP1152,17,phd,operations,hyderabad,1,1,onsite,147111
EMP1153,12,high_school,finance,hyderabad,5,0,hybrid,117602
EMP1154,16,high_school,product,pune,1,0,remote,123194
EMP1155,11,phd,engineering,delhi,5,4,onsite,160697
EMP1156,11,phd,engineering,delhi,3,1,remote,149092
EMP1157,22,phd,finance,bengaluru,2,0,onsite,170420
EMP1158,11,high_school,finance,mumbai,3,3,remote,118577
EMP1159,12,bachelor,engineering,mumbai,2,0,hybrid,129697
EMP1160,21,high_school,sales,bengaluru,3,4,hybrid,147860
EMP1161,1,bachelor,finance,pune,2,1,onsite,77450
EMP1162,24,master,finance,hyderabad,3,3,onsite,165743
EMP1163,6,high_school,product,mumbai,4,1,remote,107574
EMP1164,2,high_school,sales,hyderabad,2,1,onsite,79348
EMP1165,13,bachelor,operations,delhi,5,1,hybrid,127268
EMP1166,4,high_school,operations,mumbai,1,0,onsite,82894
EMP1167,15,master,operations,pune,4,4,remote,143593
EMP1168,2,high_school,product,delhi,3,3,hybrid,93188
EMP1169,11,phd,sales,mumbai,,0,hybrid,140491
EMP1170,17,bachelor,finance,bengaluru,1,0,onsite,134832
EMP1171,11,phd,product,hyderabad,3,1,hybrid,145239
EMP1172,16,phd,operations,delhi,4,1,remote,150993
EMP1173,11,bachelor,finance,mumbai,4,4,remote,129866
EMP1174,19,master,finance,delhi,1,1,onsite,141199
EMP1175,9,bachelor,sales,bengaluru,5,1,onsite,121357
EMP1176,21,bachelor,finance,mumbai,3,3,hybrid,157023
EMP1177,14,high_school,finance,delhi,3,4,remote,121418
EMP1178,20,high_school,engineering,hyderabad,2,1,hybrid,142802
EMP1179,11,master,sales,bengaluru,3,0,onsite,130683
EMP1180,13,phd,sales,hyderabad,4,3,hybrid,149955
EMP1181,20,phd,engineering,mumbai,5,1,remote,183750
EMP1182,5,high_school,product,hyderabad,4,2,onsite,99492
EMP1183,11,master,finance,bengaluru,4,4,onsite,134610
EMP1184,5,phd,product,pune,2,0,onsite,121589
EMP1185,10,phd,finance,delhi,4,0,onsite,137693
EMP1186,2,,finance,delhi,4,3,hybrid,99861
EMP1187,23,master,engineering,bengaluru,1,3,onsite,175538
EMP1188,3,high_school,product,pune,4,2,onsite,89085
EMP1189,20,bachelor,product,hyderabad,2,1,onsite,149984
EMP1190,5,bachelor,finance,bengaluru,3,1,remote,100735
EMP1191,1,bachelor,operations,delhi,5,2,hybrid,89944
EMP1192,15,bachelor,finance,pune,5,1,remote,136971
EMP1193,20,bachelor,finance,delhi,1,3,hybrid,142091
EMP1194,3,high_school,product,delhi,3,2,onsite,96027
EMP1195,6,master,product,delhi,5,3,hybrid,128520
EMP1196,10,bachelor,finance,bengaluru,1,1,hybrid,113635
EMP1197,21,master,finance,pune,2,4,hybrid,156156
EMP1198,0,high_school,operations,hyderabad,5,1,remote,75111
EMP1199,17,bachelor,operations,delhi,1,2,onsite,128726
EMP1200,10,phd,sales,hyderabad,1,0,onsite,129304
EMP1201,17,master,product,hyderabad,2,3,remote,153659
EMP1202,15,high_school,product,bengaluru,1,2,hybrid,131603
EMP1203,20,bachelor,operations,mumbai,2,1,onsite,143095
EMP1204,10,high_school,finance,bengaluru,3,0,remote,110861
EMP1205,12,master,engineering,hyderabad,3,4,hybrid,148104
EMP1206,2,phd,operations,hyderabad,1,4,remote,106702
EMP1207,17,phd,engineering,pune,1,4,hybrid,166132
EMP1208,5,bachelor,,bengaluru,4,0,remote,111385
EMP1209,0,phd,operations,mumbai,5,2,remote,107103
EMP1210,18,high_school,engineering,bengaluru,5,1,onsite,150368
EMP1211,11,high_school,engineering,pune,2,1,hybrid,115571
EMP1212,9,master,product,mumbai,4,0,remote,136554
EMP1213,21,phd,engineering,pune,5,3,remote,190268
EMP1214,21,master,operations,pune,2,0,onsite,149903
EMP1215,24,,operations,delhi,4,2,onsite,161099
EMP1216,23,master,sales,bengaluru,4,2,hybrid,171119
EMP1217,2,bachelor,engineering,pune,4,2,hybrid,103398
EMP1218,13,bachelor,product,hyderabad,4,2,onsite,136503
EMP1219,1,high_school,operations,bengaluru,3,1,remote,78322
EMP1220,1,bachelor,sales,bengaluru,2,1,hybrid,83983
EMP1221,12,phd,finance,mumbai,1,1,hybrid,140357
EMP1222,15,high_school,product,delhi,1,0,hybrid,120352
EMP1223,20,phd,sales,mumbai,3,4,hybrid,176705
EMP1224,1,high_school,operations,hyderabad,4,4,hybrid,78378
EMP1225,19,master,operations,pune,5,1,remote,147329
EMP1226,15,high_school,operations,mumbai,5,2,remote,131831
EMP1227,24,master,product,bengaluru,2,0,remote,169224
EMP1228,5,phd,finance,delhi,2,0,hybrid,111084
EMP1229,23,phd,finance,delhi,1,2,remote,172956
EMP1230,1,phd,sales,bengaluru,1,1,onsite,108693
EMP1231,19,phd,finance,pune,5,4,onsite,164980
EMP1232,24,high_school,product,mumbai,2,2,remote,159194
EMP1233,19,bachelor,product,hyderabad,3,3,onsite,146847
EMP1234,5,phd,finance,mumbai,,2,onsite,115996
EMP1235,20,master,product,hyderabad,2,1,hybrid,154525
EMP1236,17,phd,sales,pune,5,1,remote,157151
EMP1237,20,bachelor,sales,hyderabad,5,2,remote,151546
EMP1238,1,master,sales,hyderabad,2,1,remote,94752
EMP1239,14,high_school,operations,mumbai,3,1,remote,122928
EMP1240,0,high_school,operations,bengaluru,4,1,remote,74372
EMP1241,23,high_school,product,mumbai,4,3,onsite,163962
EMP1242,13,bachelor,engineering,bengaluru,5,2,onsite,140853
EMP1243,24,master,operations,bengaluru,4,2,hybrid,164441
EMP1244,14,bachelor,product,bengaluru,2,3,remote,135974
EMP1245,13,high_school,finance,bengaluru,3,4,onsite,118853
EMP1246,11,phd,product,mumbai,2,3,hybrid,153355
EMP1247,23,master,engineering,mumbai,5,4,onsite,187592
EMP1248,11,master,product,mumbai,5,1,onsite,145433
EMP1249,21,bachelor,engineering,pune,5,0,remote,159249
EMP1250,11,phd,finance,delhi,2,4,onsite,135690
EMP1251,13,master,operations,mumbai,4,4,onsite,139371
EMP1252,19,phd,product,mumbai,2,4,remote,179782
EMP1253,8,master,engineering,delhi,5,0,remote,135723
EMP1254,15,phd,operations,mumbai,2,2,onsite,145256
EMP1255,20,phd,operations,mumbai,2,4,remote,171326
EMP1256,4,bachelor,product,delhi,4,0,hybrid,101575
EMP1257,3,high_school,finance,bengaluru,5,0,remote,90488
EMP1258,12,bachelor,operations,pune,3,0,remote,114077
EMP1259,0,phd,engineering,mumbai,5,0,onsite,121439
EMP1260,0,master,finance,pune,5,0,hybrid,92228
EMP1261,5,,sales,bengaluru,2,4,onsite,98524
EMP1262,21,master,sales,delhi,5,1,onsite,160693
EMP1263,12,bachelor,engineering,mumbai,3,2,onsite,140805
EMP1264,4,phd,operations,mumbai,,3,hybrid,121566
EMP1265,4,master,operations,bengaluru,2,0,hybrid,103726
EMP1266,1,bachelor,engineering,mumbai,2,0,onsite,101135
EMP1267,6,phd,operations,hyderabad,4,2,onsite,114867
EMP1268,19,bachelor,operations,mumbai,3,3,hybrid,148785
EMP1269,7,high_school,finance,pune,3,2,onsite,94766
EMP1270,13,high_school,product,delhi,1,3,onsite,116879
EMP1271,12,high_school,operations,mumbai,2,1,remote,115055
EMP1272,21,high_school,engineering,mumbai,5,0,hybrid,162355
EMP1273,13,high_school,,delhi,4,3,hybrid,125462
EMP1274,3,high_school,finance,mumbai,5,3,onsite,93930
EMP1275,9,bachelor,engineering,hyderabad,3,2,onsite,126462
EMP1276,24,high_school,operations,pune,2,4,remote,146277
EMP1277,12,phd,operations,delhi,3,3,onsite,143651
EMP1278,7,high_school,finance,delhi,2,0,remote,96606
EMP1279,4,master,engineering,bengaluru,2,3,remote,120708
EMP1280,12,master,engineering,hyderabad,5,0,onsite,142517
EMP1281,21,phd,engineering,delhi,5,4,onsite,193957
EMP1282,1,,product,delhi,1,0,remote,99000
EMP1283,18,high_school,finance,mumbai,5,2,remote,141437
EMP1284,20,bachelor,product,bengaluru,5,0,onsite,155333
EMP1285,4,high_school,finance,delhi,1,4,remote,86349
EMP1286,16,high_school,sales,hyderabad,2,3,hybrid,123678
EMP1287,15,bachelor,operations,mumbai,1,2,remote,128282
EMP1288,16,phd,engineering,pune,5,2,hybrid,172714
EMP1289,11,bachelor,operations,hyderabad,4,0,remote,109678
EMP1290,1,phd,product,pune,4,3,onsite,119694
EMP1291,2,bachelor,operations,bengaluru,4,4,hybrid,100053
EMP1292,17,bachelor,operations,bengaluru,1,2,hybrid,128358
EMP1293,4,phd,operations,mumbai,1,1,onsite,105797
EMP1294,18,phd,operations,delhi,1,1,onsite,152772
EMP1295,8,phd,operations,hyderabad,5,1,onsite,121786
EMP1296,13,bachelor,operations,hyderabad,4,3,remote,121886
EMP1297,3,master,sales,delhi,5,3,onsite,107450
EMP1298,9,high_school,engineering,pune,4,2,remote,121549
EMP1299,15,master,sales,mumbai,2,1,remote,142990
EMP1300,22,master,engineering,pune,5,4,remote,181141
EMP1301,7,phd,finance,mumbai,2,2,remote,128121
EMP1302,19,high_school,operations,bengaluru,5,2,onsite,140220
EMP1303,12,master,engineering,mumbai,5,0,onsite,152254
EMP1304,3,high_school,product,hyderabad,,2,onsite,82464
EMP1305,3,high_school,finance,delhi,3,2,remote,92850
EMP1306,12,bachelor,engineering,hyderabad,1,1,onsite,122982
EMP1307,5,master,,bengaluru,5,4,remote,136336
EMP1308,1,high_school,engineering,hyderabad,1,3,remote,92482
EMP1309,11,high_school,operations,hyderabad,5,4,hybrid,110189
EMP1310,8,high_school,engineering,hyderabad,,4,hybrid,118719
EMP1311,10,master,sales,delhi,2,0,onsite,121095
EMP1312,24,high_school,sales,pune,1,2,onsite,147616
EMP1313,24,master,finance,mumbai,4,1,remote,177016
EMP1314,2,phd,operations,pune,2,0,remote,96815
EMP1315,16,phd,product,delhi,,3,hybrid,169404
EMP1316,14,bachelor,operations,delhi,3,1,hybrid,126841
EMP1317,11,bachelor,product,hyderabad,1,4,onsite,125981
EMP1318,7,high_school,product,bengaluru,4,2,remote,112261
EMP1319,1,high_school,engineering,mumbai,2,3,hybrid,99979
EMP1320,24,bachelor,product,hyderabad,4,0,remote,167203
EMP1321,10,master,,delhi,1,0,hybrid,113885
EMP1322,15,bachelor,engineering,delhi,2,4,remote,144816
EMP1323,0,master,product,pune,2,3,hybrid,93383
EMP1324,17,phd,sales,delhi,1,1,onsite,149318
EMP1325,6,phd,product,delhi,1,4,hybrid,128191
EMP1326,22,high_school,finance,bengaluru,2,1,remote,140998
EMP1327,19,high_school,sales,pune,1,1,onsite,125038
EMP1328,23,bachelor,product,mumbai,3,0,remote,163375
EMP1329,17,bachelor,engineering,hyderabad,5,3,remote,155651
EMP1330,23,master,operations,pune,3,0,onsite,156674
EMP1331,23,master,finance,mumbai,1,4,onsite,172294
EMP1332,5,bachelor,operations,bengaluru,2,2,remote,93355
EMP1333,18,phd,engineering,hyderabad,4,0,remote,167250
EMP1334,9,phd,finance,hyderabad,3,2,onsite,125718
EMP1335,21,bachelor,engineering,mumbai,4,2,remote,174497
EMP1336,21,master,product,delhi,2,4,hybrid,164686
EMP1337,10,bachelor,product,bengaluru,2,1,onsite,117156
EMP1338,20,high_school,sales,hyderabad,1,4,remote,143596
EMP1339,4,phd,engineering,mumbai,3,1,onsite,135895
EMP1340,17,master,product,hyderabad,1,2,onsite,146361
EMP1341,4,phd,engineering,hyderabad,1,1,remote,124476
EMP1342,10,bachelor,finance,hyderabad,3,3,remote,118162
EMP1343,6,phd,sales,bengaluru,4,0,hybrid,128935
EMP1344,1,master,sales,bengaluru,3,4,hybrid,106928
EMP1345,21,phd,finance,bengaluru,4,2,hybrid,173101
EMP1346,20,high_school,product,pune,1,4,hybrid,145324
EMP1347,24,high_school,operations,delhi,3,4,hybrid,150790
EMP1348,13,bachelor,product,mumbai,3,4,remote,145270
EMP1349,2,phd,sales,mumbai,5,3,remote,129248
EMP1350,14,master,finance,delhi,1,4,hybrid,138149
EMP1351,10,master,,mumbai,4,4,hybrid,139557
EMP1352,7,high_school,engineering,delhi,1,0,hybrid,109005
EMP1353,3,,sales,delhi,5,1,remote,90780
EMP1354,12,high_school,engineering,bengaluru,5,3,onsite,136883
EMP1355,21,bachelor,engineering,hyderabad,1,2,onsite,153376
EMP1356,19,high_school,engineering,mumbai,,2,hybrid,151612
EMP1357,24,high_school,operations,bengaluru,4,0,hybrid,150105
EMP1358,9,bachelor,engineering,delhi,2,0,remote,122341
EMP1359,2,master,operations,delhi,2,1,remote,97605
EMP1360,8,high_school,engineering,mumbai,3,2,hybrid,115512
EMP1361,16,high_school,sales,mumbai,5,0,hybrid,134745
EMP1362,3,master,product,mumbai,1,2,remote,113954
EMP1363,24,phd,product,pune,1,0,hybrid,174810
EMP1364,22,master,operations,pune,1,4,hybrid,158017
EMP1365,2,bachelor,finance,pune,1,0,hybrid,85471
EMP1366,6,bachelor,operations,pune,3,2,remote,99823
EMP1367,8,bachelor,operations,mumbai,4,0,hybrid,112989
EMP1368,18,phd,finance,hyderabad,3,0,remote,156961
EMP1369,6,bachelor,finance,delhi,3,3,hybrid,108391
EMP1370,6,phd,product,hyderabad,5,1,remote,131866
EMP1371,1,high_school,operations,delhi,1,3,onsite,76304
EMP1372,2,bachelor,sales,mumbai,5,4,hybrid,106846
EMP1373,9,bachelor,operations,delhi,4,3,onsite,111101
EMP1374,6,phd,operations,mumbai,5,3,hybrid,132513
EMP1375,6,master,product,delhi,3,4,remote,123538
EMP1376,2,master,operations,delhi,1,3,onsite,97511
EMP1377,22,master,finance,mumbai,2,1,onsite,161167
EMP1378,4,high_school,product,delhi,1,3,hybrid,97523
EMP1379,24,high_school,operations,hyderabad,2,3,hybrid,143639
EMP1380,24,high_school,finance,bengaluru,5,0,remote,155740
EMP1381,13,high_school,operations,mumbai,3,2,remote,118260
EMP1382,21,phd,sales,bengaluru,4,4,remote,185196
EMP1383,10,high_school,finance,hyderabad,2,0,hybrid,101984
EMP1384,10,bachelor,engineering,hyderabad,3,1,remote,126740
EMP1385,21,master,sales,bengaluru,2,3,onsite,159415
EMP1386,6,master,product,bengaluru,2,1,onsite,118343
EMP1387,17,master,finance,bengaluru,1,2,hybrid,143512
EMP1388,6,phd,engineering,bengaluru,2,3,remote,137696
EMP1389,19,bachelor,finance,delhi,1,0,onsite,139920
EMP1390,0,high_school,product,bengaluru,5,4,remote,91783
EMP1391,13,master,product,hyderabad,4,3,hybrid,147567
EMP1392,23,master,sales,mumbai,2,3,remote,170731
EMP1393,13,phd,engineering,pune,3,4,remote,155629
EMP1394,20,,product,delhi,3,3,remote,172536
EMP1395,1,high_school,product,pune,5,4,remote,98600
EMP1396,24,phd,product,delhi,2,2,hybrid,182275
EMP1397,6,high_school,engineering,pune,1,4,onsite,105184
EMP1398,15,high_school,finance,delhi,3,3,hybrid,124390
EMP1399,24,phd,product,mumbai,3,1,remote,193665
EMP1400,5,bachelor,product,pune,3,2,hybrid,107988
EMP1401,22,master,sales,mumbai,1,2,hybrid,163746
EMP1402,0,phd,finance,pune,3,1,remote,103393
EMP1403,20,master,finance,delhi,2,4,onsite,153658
EMP1404,3,master,finance,hyderabad,3,3,hybrid,107322
EMP1405,21,high_school,engineering,pune,2,3,hybrid,152734
EMP1406,9,bachelor,product,pune,1,2,hybrid,110254
EMP1407,19,master,finance,pune,5,4,onsite,161948
EMP1408,15,high_school,sales,mumbai,2,1,hybrid,128275
EMP1409,7,,sales,bengaluru,4,3,onsite,132251
EMP1410,15,high_school,,hyderabad,2,1,onsite,115214
EMP1411,13,master,engineering,pune,5,1,onsite,144831
EMP1412,7,bachelor,operations,bengaluru,3,0,onsite,96325
EMP1413,17,master,sales,pune,2,2,remote,146008
EMP1414,18,phd,sales,mumbai,4,2,hybrid,173861
EMP1415,0,phd,product,delhi,1,1,onsite,100962
EMP1416,21,high_school,product,pune,4,4,onsite,147885
EMP1417,3,high_school,operations,hyderabad,2,2,onsite,76221
EMP1418,10,bachelor,sales,hyderabad,3,4,onsite,114650
EMP1419,20,bachelor,finance,bengaluru,3,2,hybrid,148703
EMP1420,22,bachelor,sales,bengaluru,1,2,onsite,150787
EMP1421,6,bachelor,product,mumbai,3,4,remote,121297
EMP1422,10,phd,engineering,bengaluru,5,4,onsite,157107
EMP1423,3,bachelor,operations,mumbai,3,4,onsite,92231
EMP1424,3,high_school,engineering,pune,3,4,onsite,103921
EMP1425,15,bachelor,finance,mumbai,2,1,hybrid,129081
EMP1426,13,phd,sales,hyderabad,3,4,remote,148875
EMP1427,4,bachelor,sales,pune,1,3,hybrid,95959
EMP1428,14,phd,engineering,pune,1,0,onsite,145833
EMP1429,17,phd,engineering,bengaluru,5,3,onsite,177071
EMP1430,0,master,finance,hyderabad,4,4,hybrid,94980
EMP1431,8,bachelor,finance,bengaluru,5,3,onsite,119990
EMP1432,12,phd,engineering,hyderabad,1,0,remote,149821
EMP1433,17,master,product,bengaluru,2,4,hybrid,161394
EMP1434,12,high_school,finance,pune,4,3,onsite,113482
EMP1435,14,phd,sales,hyderabad,4,3,onsite,154483
EMP1436,23,high_school,engineering,hyderabad,5,2,onsite,165533
EMP1437,8,phd,finance,mumbai,4,1,hybrid,134527
EMP1438,1,phd,finance,bengaluru,5,3,onsite,118172
EMP1439,3,bachelor,sales,bengaluru,5,3,onsite,99439
EMP1440,10,phd,product,pune,4,2,hybrid,143891
EMP1441,1,bachelor,operations,mumbai,2,2,hybrid,85472
EMP1442,4,bachelor,sales,mumbai,2,1,remote,105304
EMP1443,7,master,product,hyderabad,1,4,remote,118275
EMP1444,17,master,engineering,bengaluru,2,4,onsite,160858
EMP1445,2,bachelor,product,hyderabad,2,4,remote,100863
EMP1446,4,high_school,operations,delhi,2,1,onsite,82207
EMP1447,19,phd,operations,mumbai,1,4,remote,169422
EMP1448,22,bachelor,engineering,hyderabad,1,2,hybrid,155572
EMP1449,20,master,operations,delhi,4,2,remote,151012
EMP1450,15,,sales,hyderabad,1,3,onsite,153062
EMP1451,16,master,engineering,hyderabad,1,1,onsite,148490
EMP1452,21,bachelor,operations,delhi,1,0,hybrid,141155
EMP1453,21,high_school,operations,pune,3,4,remote,141678
EMP1454,4,high_school,sales,pune,2,3,onsite,88805
EMP1455,22,bachelor,sales,pune,4,2,remote,160638
EMP1456,14,high_school,finance,mumbai,3,3,hybrid,129530
EMP1457,1,high_school,finance,mumbai,4,3,hybrid,85058
EMP1458,9,bachelor,sales,pune,5,2,onsite,118932
EMP1459,0,bachelor,engineering,bengaluru,1,2,remote,94010
EMP1460,15,high_school,product,delhi,1,2,remote,126850
EMP1461,10,master,product,bengaluru,4,1,hybrid,138695
EMP1462,9,high_school,engineering,hyderabad,5,1,remote,117063
EMP1463,7,phd,operations,hyderabad,3,4,remote,124764
EMP1464,8,bachelor,sales,pune,1,3,onsite,102171
EMP1465,11,master,engineering,delhi,4,2,hybrid,143689
EMP1466,2,phd,finance,pune,1,3,hybrid,104446
EMP1467,13,high_school,,bengaluru,3,2,remote,122538
EMP1468,6,high_school,product,mumbai,2,2,remote,106477
EMP1469,16,high_school,sales,bengaluru,3,2,hybrid,128114
EMP1470,11,high_school,sales,hyderabad,1,1,onsite,105663
EMP1471,11,bachelor,product,pune,1,0,onsite,109916
EMP1472,11,phd,finance,pune,3,2,onsite,138381
EMP1473,20,bachelor,engineering,hyderabad,3,1,hybrid,157129
EMP1474,12,,engineering,pune,2,0,hybrid,149008
EMP1475,11,bachelor,operations,bengaluru,5,3,hybrid,128611
EMP1476,10,bachelor,engineering,hyderabad,1,0,hybrid,115826
EMP1477,16,master,finance,delhi,4,4,remote,146180
EMP1478,13,master,engineering,bengaluru,3,4,remote,158907
EMP1479,11,bachelor,product,delhi,1,4,remote,125428
EMP1480,12,bachelor,,pune,3,4,onsite,117390
EMP1481,0,bachelor,,hyderabad,1,1,hybrid,74283
EMP1482,13,bachelor,finance,bengaluru,5,0,remote,127345
EMP1483,19,phd,finance,mumbai,5,3,remote,173346
EMP1484,19,master,product,delhi,5,2,hybrid,163127
EMP1485,5,phd,sales,delhi,5,4,hybrid,130987
EMP1486,13,phd,operations,hyderabad,3,4,remote,147776
EMP1487,18,bachelor,product,pune,,0,remote,141557
EMP1488,0,master,engineering,delhi,4,4,remote,118660
EMP1489,16,phd,finance,hyderabad,3,3,hybrid,150402
EMP1490,0,phd,operations,delhi,3,2,onsite,95975
EMP1491,21,master,sales,bengaluru,3,1,remote,166511
EMP1492,2,phd,,bengaluru,5,4,remote,117843
EMP1493,21,bachelor,product,hyderabad,5,4,remote,167201
EMP1494,23,high_school,sales,pune,1,3,onsite,145312
EMP1495,4,phd,finance,pune,3,2,remote,118213
EMP1496,9,bachelor,product,hyderabad,2,4,onsite,120506
EMP1497,2,bachelor,product,mumbai,4,0,hybrid,101668
EMP1498,7,master,finance,mumbai,1,2,hybrid,110904
EMP1499,3,high_school,,bengaluru,2,0,remote,92711
EMP1500,3,bachelor,engineering,delhi,5,2,onsite,108310
